,typeCode,freqCode,refPeriodId,refYear,refMonth,period,reporterCode,reporterISO,reporterDesc,flowCode,flowDesc,partnerCode,partnerISO,partnerDesc,partner2Code,partner2ISO,partner2Desc,classificationCode,classificationSearchCode,isOriginalClassification,cmdCode,cmdDesc,aggrLevel,isLeaf,customsCode,customsDesc,mosCode,motCode,motDesc,qtyUnitCode,qtyUnitAbbr,qty,isQtyEstimated,altQtyUnitCode,altQtyUnitAbbr,altQty,isAltQtyEstimated,netWgt,isNetWgtEstimated,grossWgt,isGrossWgtEstimated,cifvalue,fobvalue,primaryValue,legacyEstimationFlag,isReported,isAggregate
0,C,A,20240101,2024,52,2024,36,,,X,,156,,,0,,,H6,HS,True,282520,,,,C00,,0,0,,8,,1316630.0,False,8,,1316630.0,False,1316630.0,False,1339.1,False,,23683630.568,23683630.568,0,False,True
1,C,A,20240101,2024,52,2024,36,,,X,,410,,,0,,,H6,HS,True,282520,,,,C00,,0,0,,8,,936554.0,False,8,,936554.0,False,936554.0,False,936.842,False,,12504296.344,12504296.344,0,False,True
2,C,A,20240101,2024,52,2024,40,,,X,,51,,,0,,,H6,HS,True,282520,,,,C00,,0,0,,8,,45.0,False,8,,45.0,False,45.0,False,0.0,False,,285.748,285.748,0,True,False
3,C,A,20240101,2024,52,2024,40,,,X,,152,,,0,,,H6,HS,True,282520,,,,C00,,0,0,,8,,2.855,True,-1,,0.0,False,2.855,True,0.0,False,,99.579,99.579,6,True,False
4,C,A,20240101,2024,52,2024,40,,,X,,276,,,0,,,H6,HS,True,282520,,,,C00,,0,0,,8,,15.081,True,-1,,0.0,False,15.081,True,0.0,False,,526.037,526.037,6,True,False
5,C,A,20240101,2024,52,2024,40,,,X,,320,,,0,,,H6,HS,True,282520,,,,C00,,0,0,,8,,11.0,False,8,,11.0,False,11.0,False,0.0,False,,18.4,18.4,0,True,False
6,C,A,20240101,2024,52,2024,40,,,X,,642,,,0,,,H6,HS,True,282520,,,,C00,,0,0,,8,,3.0,False,8,,3.0,False,3.0,False,0.0,False,,1778.351,1778.351,0,True,False
7,C,A,20240101,2024,52,2024,40,,,X,,807,,,0,,,H6,HS,True,282520,,,,C00,,0,0,,8,,3.0,False,8,,3.0,False,3.0,False,0.0,False,,80.096,80.096,0,True,False
8,C,A,20240101,2024,52,2024,56,,,X,,12,,,0,,,H6,HS,True,282520,,,,C00,,0,0,,8,,6000.0,False,8,,6000.0,False,6000.0,False,0.0,False,,105085.072,105085.072,0,True,False
9,C,A,20240101,2024,52,2024,56,,,X,,36,,,0,,,H6,HS,True,282520,,,,C00,,0,0,,8,,8.1,False,8,,8.1,False,8.1,False,0.0,False,,3005.435,3005.435,0,True,False
10,C,A,20240101,2024,52,2024,56,,,X,,40,,,0,,,H6,HS,True,282520,,,,C00,,0,0,,8,,43.04,False,8,,43.04,False,43.04,False,0.0,False,,4358.302,4358.302,0,True,False
11,C,A,20240101,2024,52,2024,56,,,X,,100,,,0,,,H6,HS,True,282520,,,,C00,,0,0,,8,,1.04,False,8,,1.04,False,1.04,False,0.0,False,,68.796,68.796,0,True,False
12,C,A,20240101,2024,52,2024,56,,,X,,124,,,0,,,H6,HS,True,282520,,,,C00,,0,0,,8,,0.03,False,8,,0.03,False,0.03,False,0.0,False,,21.431,21.431,0,True,False
13,C,A,20240101,2024,52,2024,56,,,X,,156,,,0,,,H6,HS,True,282520,,,,C00,,0,0,,8,,0.3,False,8,,0.3,False,0.3,False,0.0,False,,146.619,146.619,0,True,False
14,C,A,20240101,2024,52,2024,56,,,X,,203,,,0,,,H6,HS,True,282520,,,,C00,,0,0,,8,,1.05,False,8,,1.05,False,1.05,False,0.0,False,,24.927,24.927,0,True,False
15,C,A,20240101,2024,52,2024,56,,,X,,208,,,0,,,H6,HS,True,282520,,,,C00,,0,0,,8,,2.34,False,8,,2.34,False,2.34,False,0.0,False,,432.346,432.346,0,True,False
16,C,A,20240101,2024,52,2024,56,,,X,,246,,,0,,,H6,HS,True,282520,,,,C00,,0,0,,8,,4.27,False,8,,4.27,False,4.27,False,0.0,False,,537.434,537.434,0,True,False
17,C,A,20240101,2024,52,2024,56,,,X,,251,,,0,,,H6,HS,True,282520,,,,C00,,0,0,,8,,82.04,False,8,,82.04,False,82.04,False,0.0,False,,21046.834,21046.834,0,True,False
18,C,A,20240101,2024,52,2024,56,,,X,,276,,,0,,,H6,HS,True,282520,,,,C00,,0,0,,8,,176.12,False,8,,176.12,False,176.12,False,0.0,False,,26418.028,26418.028,0,True,False
19,C,A,20240101,2024,52,2024,56,,,X,,300,,,0,,,H6,HS,True,282520,,,,C00,,0,0,,8,,3.16,False,8,,3.16,False,3.16,False,0.0,False,,152.962,152.962,0,True,False
20,C,A,20240101,2024,52,2024,56,,,X,,348,,,0,,,H6,HS,True,282520,,,,C00,,0,0,,8,,12.92,False,8,,12.92,False,12.92,False,0.0,False,,1440.075,1440.075,0,True,False
21,C,A,20240101,2024,52,2024,56,,,X,,372,,,0,,,H6,HS,True,282520,,,,C00,,0,0,,8,,4.19,False,8,,4.19,False,4.19,False,0.0,False,,918.335,918.335,0,True,False
22,C,A,20240101,2024,52,2024,56,,,X,,376,,,0,,,H6,HS,True,282520,,,,C00,,0,0,,8,,2.0,False,8,,2.0,False,2.0,False,0.0,False,,301.475,301.475,0,True,False
23,C,A,20240101,2024,52,2024,56,,,X,,380,,,0,,,H6,HS,True,282520,,,,C00,,0,0,,8,,60.65,False,8,,60.65,False,60.65,False,0.0,False,,3340.259,3340.259,0,True,False
24,C,A,20240101,2024,52,2024,56,,,X,,410,,,0,,,H6,HS,True,282520,,,,C00,,0,0,,8,,34.83,False,8,,34.83,False,34.83,False,0.0,False,,9697.88,9697.88,0,True,False
25,C,A,20240101,2024,52,2024,56,,,X,,428,,,0,,,H6,HS,True,282520,,,,C00,,0,0,,8,,1.09,False,8,,1.09,False,1.09,False,0.0,False,,122.168,122.168,0,True,False
26,C,A,20240101,2024,52,2024,56,,,X,,470,,,0,,,H6,HS,True,282520,,,,C00,,0,0,,8,,1.04,False,8,,1.04,False,1.04,False,0.0,False,,304.257,304.257,0,True,False
27,C,A,20240101,2024,52,2024,56,,,X,,528,,,0,,,H6,HS,True,282520,,,,C00,,0,0,,8,,11.53,False,8,,11.53,False,11.53,False,0.0,False,,1994.275,1994.275,0,True,False
28,C,A,20240101,2024,52,2024,56,,,X,,579,,,0,,,H6,HS,True,282520,,,,C00,,0,0,,8,,1.0,False,8,,1.0,False,1.0,False,0.0,False,,120.144,120.144,0,True,False
29,C,A,20240101,2024,52,2024,56,,,X,,616,,,0,,,H6,HS,True,282520,,,,C00,,0,0,,8,,18870.9,False,8,,18870.9,False,18870.9,False,0.0,False,,264138.088,264138.088,0,True,False
30,C,A,20240101,2024,52,2024,56,,,X,,620,,,0,,,H6,HS,True,282520,,,,C00,,0,0,,8,,8.39,False,8,,8.39,False,8.39,False,0.0,False,,1402.743,1402.743,0,True,False
31,C,A,20240101,2024,52,2024,56,,,X,,682,,,0,,,H6,HS,True,282520,,,,C00,,0,0,,8,,0.5,False,8,,0.5,False,0.5,False,0.0,False,,245.635,245.635,0,True,False
32,C,A,20240101,2024,52,2024,56,,,X,,699,,,0,,,H6,HS,True,282520,,,,C00,,0,0,,8,,1.0,False,8,,1.0,False,1.0,False,0.0,False,,170.269,170.269,0,True,False
33,C,A,20240101,2024,52,2024,56,,,X,,705,,,0,,,H6,HS,True,282520,,,,C00,,0,0,,8,,1.07,False,8,,1.07,False,1.07,False,0.0,False,,19.613,19.613,0,True,False
34,C,A,20240101,2024,52,2024,56,,,X,,724,,,0,,,H6,HS,True,282520,,,,C00,,0,0,,8,,21.13,False,8,,21.13,False,21.13,False,0.0,False,,3105.155,3105.155,0,True,False
35,C,A,20240101,2024,52,2024,56,,,X,,752,,,0,,,H6,HS,True,282520,,,,C00,,0,0,,8,,8.66,False,8,,8.66,False,8.66,False,0.0,False,,1171.612,1171.612,0,True,False
36,C,A,20240101,2024,52,2024,56,,,X,,757,,,0,,,H6,HS,True,282520,,,,C00,,0,0,,8,,1.78,False,8,,1.78,False,1.78,False,0.0,False,,835.803,835.803,0,True,False
37,C,A,20240101,2024,52,2024,56,,,X,,792,,,0,,,H6,HS,True,282520,,,,C00,,0,0,,8,,1000.3,False,8,,1000.3,False,1000.3,False,0.0,False,,20275.205,20275.205,0,True,False
38,C,A,20240101,2024,52,2024,56,,,X,,826,,,0,,,H6,HS,True,282520,,,,C00,,0,0,,8,,162211.0,False,8,,162211.0,False,162211.0,False,0.0,False,,1520967.733,1520967.733,0,True,False
39,C,A,20240101,2024,52,2024,56,,,X,,842,,,0,,,H6,HS,True,282520,,,,C00,,0,0,,8,,153.57,False,8,,153.57,False,153.57,False,0.0,False,,51573.686,51573.686,0,True,False
40,C,A,20240101,2024,52,2024,76,,,X,,156,,,0,,,H6,HS,True,282520,,,,C00,,0,0,,8,,6221550.0,False,8,,6221550.0,False,6221550.0,False,0.0,False,,4537890.0,4537890.0,0,False,True
41,C,A,20240101,2024,52,2024,96,,,X,,410,,,0,,,H6,HS,True,282520,,,,C00,,0,0,,8,,950.0,False,8,,950.0,False,950.0,False,0.0,False,,4970.729,4970.729,0,True,False
42,C,A,20240101,2024,52,2024,124,,,X,,842,,,0,,,H6,HS,True,282520,,,,C00,,0,0,,8,,5.0,False,8,,5.0,False,5.0,False,0.0,False,,3385.043,3385.043,0,False,True
43,C,A,20240101,2024,52,2024,152,,,X,,32,,,0,,,H6,HS,True,282520,,,,C00,,0,0,,8,,59000.0,False,8,,59000.0,False,59000.0,False,0.0,False,,998410.0,998410.0,0,True,False
44,C,A,20240101,2024,52,2024,152,,,X,,36,,,0,,,H6,HS,True,282520,,,,C00,,0,0,,8,,20000.0,False,8,,20000.0,False,20000.0,False,0.0,False,,260413.79,260413.79,0,True,False
45,C,A,20240101,2024,52,2024,152,,,X,,56,,,0,,,H6,HS,True,282520,,,,C00,,0,0,,8,,2744900.0,False,8,,2744900.0,False,2744900.0,False,0.0,False,,34117861.41,34117861.41,0,True,False
46,C,A,20240101,2024,52,2024,152,,,X,,68,,,0,,,H6,HS,True,282520,,,,C00,,0,0,,8,,218.125,True,8,,0.0,False,218.125,True,0.0,False,,2585.356,2585.356,6,True,False
47,C,A,20240101,2024,52,2024,152,,,X,,76,,,0,,,H6,HS,True,282520,,,,C00,,0,0,,8,,204000.0,False,8,,204000.0,False,204000.0,False,0.0,False,,3122323.28,3122323.28,0,True,False
48,C,A,20240101,2024,52,2024,152,,,X,,170,,,0,,,H6,HS,True,282520,,,,C00,,0,0,,8,,8000.0,False,8,,8000.0,False,8000.0,False,0.0,False,,125738.91,125738.91,0,True,False
49,C,A,20240101,2024,52,2024,152,,,X,,360,,,0,,,H6,HS,True,282520,,,,C00,,0,0,,8,,20000.0,False,8,,20000.0,False,20000.0,False,0.0,False,,270230.93,270230.93,0,True,False
50,C,A,20240101,2024,52,2024,152,,,X,,392,,,0,,,H6,HS,True,282520,,,,C00,,0,0,,8,,1730380.0,False,8,,1730380.0,False,1730380.0,False,0.0,False,,17476915.39,17476915.39,0,True,False
51,C,A,20240101,2024,52,2024,152,,,X,,410,,,0,,,H6,HS,True,282520,,,,C00,,0,0,,8,,14267700.0,False,8,,14267700.0,False,14267700.0,False,0.0,False,,168613114.12,168613114.12,0,True,False
52,C,A,20240101,2024,52,2024,152,,,X,,484,,,0,,,H6,HS,True,282520,,,,C00,,0,0,,8,,60000.0,False,8,,60000.0,False,60000.0,False,0.0,False,,727482.87,727482.87,0,True,False
53,C,A,20240101,2024,52,2024,152,,,X,,604,,,0,,,H6,HS,True,282520,,,,C00,,0,0,,8,,5080.208,True,8,,5000.0,False,5080.208,True,0.0,False,,68645.264,68645.264,6,True,False
54,C,A,20240101,2024,52,2024,152,,,X,,616,,,0,,,H6,HS,True,282520,,,,C00,,0,0,,8,,774172.0,False,8,,774172.0,False,774172.0,False,0.0,False,,9938091.88,9938091.88,0,True,False
55,C,A,20240101,2024,52,2024,152,,,X,,699,,,0,,,H6,HS,True,282520,,,,C00,,0,0,,8,,440000.0,False,8,,440000.0,False,440000.0,False,0.0,False,,4177214.96,4177214.96,0,True,False
56,C,A,20240101,2024,52,2024,152,,,X,,710,,,0,,,H6,HS,True,282520,,,,C00,,0,0,,8,,75000.0,False,8,,75000.0,False,75000.0,False,0.0,False,,1573112.87,1573112.87,0,True,False
57,C,A,20240101,2024,52,2024,152,,,X,,764,,,0,,,H6,HS,True,282520,,,,C00,,0,0,,8,,40000.0,False,8,,40000.0,False,40000.0,False,0.0,False,,541337.35,541337.35,0,True,False
58,C,A,20240101,2024,52,2024,152,,,X,,842,,,0,,,H6,HS,True,282520,,,,C00,,0,0,,8,,676924.0,False,8,,676924.0,False,676924.0,False,0.0,False,,8378397.7,8378397.7,0,True,False
59,C,A,20240101,2024,52,2024,156,,,X,,32,,,0,,,H6,HS,True,282520,,,,C00,,0,0,,8,,36000.0,False,8,,36000.0,False,36000.0,False,0.0,False,,441672.0,441672.0,0,True,False
60,C,A,20240101,2024,52,2024,156,,,X,,36,,,0,,,H6,HS,True,282520,,,,C00,,0,0,,8,,15501.272,True,8,,15501.0,False,15501.272,True,0.0,False,,256004.0,256004.0,6,True,False
61,C,A,20240101,2024,52,2024,156,,,X,,50,,,0,,,H6,HS,True,282520,,,,C00,,0,0,,8,,3625.0,False,8,,3625.0,False,3625.0,False,0.0,False,,74867.0,74867.0,0,True,False
62,C,A,20240101,2024,52,2024,156,,,X,,76,,,0,,,H6,HS,True,282520,,,,C00,,0,0,,8,,41500.0,False,8,,41500.0,False,41500.0,False,0.0,False,,467672.0,467672.0,0,True,False
63,C,A,20240101,2024,52,2024,156,,,X,,124,,,0,,,H6,HS,True,282520,,,,C00,,0,0,,8,,40250.0,False,8,,40250.0,False,40250.0,False,0.0,False,,576625.0,576625.0,0,True,False
64,C,A,20240101,2024,52,2024,156,,,X,,152,,,0,,,H6,HS,True,282520,,,,C00,,0,0,,8,,19000.0,False,8,,19000.0,False,19000.0,False,0.0,False,,202040.0,202040.0,0,True,False
65,C,A,20240101,2024,52,2024,156,,,X,,170,,,0,,,H6,HS,True,282520,,,,C00,,0,0,,8,,13200.0,False,8,,13200.0,False,13200.0,False,0.0,False,,155631.0,155631.0,0,True,False
66,C,A,20240101,2024,52,2024,156,,,X,,191,,,0,,,H6,HS,True,282520,,,,C00,,0,0,,8,,1350.0,False,8,,1350.0,False,1350.0,False,0.0,False,,25424.0,25424.0,0,True,False
67,C,A,20240101,2024,52,2024,156,,,X,,218,,,0,,,H6,HS,True,282520,,,,C00,,0,0,,8,,4000.0,False,8,,4000.0,False,4000.0,False,0.0,False,,60784.0,60784.0,0,True,False
68,C,A,20240101,2024,52,2024,156,,,X,,251,,,0,,,H6,HS,True,282520,,,,C00,,0,0,,8,,20050.0,False,8,,20050.0,False,20050.0,False,0.0,False,,254795.0,254795.0,0,True,False
69,C,A,20240101,2024,52,2024,156,,,X,,276,,,0,,,H6,HS,True,282520,,,,C00,,0,0,,8,,140611.534,True,8,,140603.0,False,140611.534,True,0.0,False,,3286646.0,3286646.0,6,True,False
70,C,A,20240101,2024,52,2024,156,,,X,,300,,,0,,,H6,HS,True,282520,,,,C00,,0,0,,8,,10000.0,False,8,,10000.0,False,10000.0,False,0.0,False,,97800.0,97800.0,0,True,False
71,C,A,20240101,2024,52,2024,156,,,X,,360,,,0,,,H6,HS,True,282520,,,,C00,,0,0,,8,,145000.0,False,8,,145000.0,False,145000.0,False,0.0,False,,1986704.0,1986704.0,0,True,False
72,C,A,20240101,2024,52,2024,156,,,X,,376,,,0,,,H6,HS,True,282520,,,,C00,,0,0,,8,,4000.0,False,8,,4000.0,False,4000.0,False,0.0,False,,60000.0,60000.0,0,True,False
73,C,A,20240101,2024,52,2024,156,,,X,,380,,,0,,,H6,HS,True,282520,,,,C00,,0,0,,8,,500.0,False,8,,500.0,False,500.0,False,0.0,False,,14500.0,14500.0,0,True,False
74,C,A,20240101,2024,52,2024,156,,,X,,392,,,0,,,H6,HS,True,282520,,,,C00,,0,0,,8,,32263450.0,False,8,,32263450.0,False,32263450.0,False,0.0,False,,684010890.0,684010890.0,0,True,False
75,C,A,20240101,2024,52,2024,156,,,X,,410,,,0,,,H6,HS,True,282520,,,,C00,,0,0,,8,,83517106.0,False,8,,83517106.0,False,83517106.0,False,0.0,False,,1454839572.0,1454839572.0,0,True,False
76,C,A,20240101,2024,52,2024,156,,,X,,414,,,0,,,H6,HS,True,282520,,,,C00,,0,0,,8,,6500.0,False,8,,6500.0,False,6500.0,False,0.0,False,,78776.0,78776.0,0,True,False
77,C,A,20240101,2024,52,2024,156,,,X,,458,,,0,,,H6,HS,True,282520,,,,C00,,0,0,,8,,12802.0,False,8,,12802.0,False,12802.0,False,0.0,False,,188021.0,188021.0,0,True,False
78,C,A,20240101,2024,52,2024,156,,,X,,484,,,0,,,H6,HS,True,282520,,,,C00,,0,0,,8,,27000.0,False,8,,27000.0,False,27000.0,False,0.0,False,,465153.0,465153.0,0,True,False
79,C,A,20240101,2024,52,2024,156,,,X,,504,,,0,,,H6,HS,True,282520,,,,C00,,0,0,,8,,11000.0,False,8,,11000.0,False,11000.0,False,0.0,False,,142200.0,142200.0,0,True,False
80,C,A,20240101,2024,52,2024,156,,,X,,528,,,0,,,H6,HS,True,282520,,,,C00,,0,0,,8,,306000.0,False,8,,306000.0,False,306000.0,False,0.0,False,,3670814.0,3670814.0,0,True,False
81,C,A,20240101,2024,52,2024,156,,,X,,586,,,0,,,H6,HS,True,282520,,,,C00,,0,0,,8,,10871.0,False,8,,10871.0,False,10871.0,False,0.0,False,,151466.0,151466.0,0,True,False
82,C,A,20240101,2024,52,2024,156,,,X,,604,,,0,,,H6,HS,True,282520,,,,C00,,0,0,,8,,52000.0,False,8,,52000.0,False,52000.0,False,0.0,False,,762388.0,762388.0,0,True,False
83,C,A,20240101,2024,52,2024,156,,,X,,608,,,0,,,H6,HS,True,282520,,,,C00,,0,0,,8,,1000.0,False,8,,1000.0,False,1000.0,False,0.0,False,,12129.0,12129.0,0,True,False
84,C,A,20240101,2024,52,2024,156,,,X,,616,,,0,,,H6,HS,True,282520,,,,C00,,0,0,,8,,11403.0,False,8,,11403.0,False,11403.0,False,0.0,False,,259193.0,259193.0,0,True,False
85,C,A,20240101,2024,52,2024,156,,,X,,643,,,0,,,H6,HS,True,282520,,,,C00,,0,0,,8,,49000.0,False,8,,49000.0,False,49000.0,False,0.0,False,,958658.0,958658.0,0,True,False
86,C,A,20240101,2024,52,2024,156,,,X,,682,,,0,,,H6,HS,True,282520,,,,C00,,0,0,,8,,33000.0,False,8,,33000.0,False,33000.0,False,0.0,False,,414086.0,414086.0,0,True,False
87,C,A,20240101,2024,52,2024,156,,,X,,699,,,0,,,H6,HS,True,282520,,,,C00,,0,0,,8,,724331.0,False,8,,724331.0,False,724331.0,False,0.0,False,,11074448.0,11074448.0,0,True,False
88,C,A,20240101,2024,52,2024,156,,,X,,702,,,0,,,H6,HS,True,282520,,,,C00,,0,0,,8,,458000.0,False,8,,458000.0,False,458000.0,False,0.0,False,,8960198.0,8960198.0,0,True,False
89,C,A,20240101,2024,52,2024,156,,,X,,704,,,0,,,H6,HS,True,282520,,,,C00,,0,0,,8,,10700.0,False,8,,10700.0,False,10700.0,False,0.0,False,,142522.0,142522.0,0,True,False
90,C,A,20240101,2024,52,2024,156,,,X,,752,,,0,,,H6,HS,True,282520,,,,C00,,0,0,,8,,1854057.0,False,8,,1854057.0,False,1854057.0,False,0.0,False,,34608845.0,34608845.0,0,True,False
91,C,A,20240101,2024,52,2024,156,,,X,,764,,,0,,,H6,HS,True,282520,,,,C00,,0,0,,8,,297425.0,False,8,,297425.0,False,297425.0,False,0.0,False,,4422032.0,4422032.0,0,True,False
92,C,A,20240101,2024,52,2024,156,,,X,,784,,,0,,,H6,HS,True,282520,,,,C00,,0,0,,8,,217600.0,False,8,,217600.0,False,217600.0,False,0.0,False,,2782460.0,2782460.0,0,True,False
93,C,A,20240101,2024,52,2024,156,,,X,,792,,,0,,,H6,HS,True,282520,,,,C00,,0,0,,8,,44500.0,False,8,,44500.0,False,44500.0,False,0.0,False,,633503.0,633503.0,0,True,False
94,C,A,20240101,2024,52,2024,156,,,X,,818,,,0,,,H6,HS,True,282520,,,,C00,,0,0,,8,,16000.0,False,8,,16000.0,False,16000.0,False,0.0,False,,202350.0,202350.0,0,True,False
95,C,A,20240101,2024,52,2024,156,,,X,,842,,,0,,,H6,HS,True,282520,,,,C00,,0,0,,8,,2951.025,True,8,,2932.0,False,2951.025,True,0.0,False,,73433.0,73433.0,6,True,False
96,C,A,20240101,2024,52,2024,191,,,X,,8,,,0,,,H6,HS,True,282520,,,,C00,,0,0,,8,,200.0,False,8,,200.0,False,200.0,False,0.0,False,,6188.0,6188.0,0,True,False
97,C,A,20240101,2024,52,2024,191,,,X,,348,,,0,,,H6,HS,True,282520,,,,C00,,0,0,,8,,3000.0,False,8,,3000.0,False,3000.0,False,0.0,False,,51368.0,51368.0,0,True,False
98,C,A,20240101,2024,52,2024,191,,,X,,376,,,0,,,H6,HS,True,282520,,,,C00,,0,0,,8,,1000.0,False,8,,1000.0,False,1000.0,False,0.0,False,,16098.0,16098.0,0,True,False
99,C,A,20240101,2024,52,2024,203,,,X,,682,,,0,,,H6,HS,True,282520,,,,C00,,0,0,,8,,850.0,False,8,,850.0,False,850.0,False,0.0,False,,44024.0,44024.0,0,False,True
100,C,A,20240101,2024,52,2024,203,,,X,,710,,,0,,,H6,HS,True,282520,,,,C00,,0,0,,8,,600.0,False,8,,600.0,False,600.0,False,0.0,False,,41984.0,41984.0,0,False,True
101,C,A,20240101,2024,52,2024,208,,,X,,752,,,0,,,H6,HS,True,282520,,,,C00,,0,0,,8,,32.0,False,8,,32.0,False,32.0,False,0.0,False,,129.379,129.379,0,True,False
102,C,A,20240101,2024,52,2024,233,,,X,,32,,,0,,,H6,HS,True,282520,,,,C00,,0,0,,8,,5000.0,False,8,,5000.0,False,5000.0,False,0.0,False,,107118.26,107118.26,0,False,True
103,C,A,20240101,2024,52,2024,233,,,X,,528,,,0,,,H6,HS,True,282520,,,,C00,,0,0,,8,,5000.0,False,8,,5000.0,False,5000.0,False,0.0,False,,72601.25,72601.25,0,False,True
104,C,A,20240101,2024,52,2024,233,,,X,,616,,,0,,,H6,HS,True,282520,,,,C00,,0,0,,8,,6000.0,False,8,,6000.0,False,6000.0,False,0.0,False,,90346.24,90346.24,0,False,True
105,C,A,20240101,2024,52,2024,233,,,X,,784,,,0,,,H6,HS,True,282520,,,,C00,,0,0,,8,,0.35,False,8,,0.35,False,0.35,False,0.0,False,,283.79,283.79,0,False,True
106,C,A,20240101,2024,52,2024,246,,,X,,410,,,0,,,H6,HS,True,282520,,,,C00,,0,0,,8,,2.0,False,8,,2.0,False,2.0,False,0.0,False,,52.394,52.394,0,False,True
107,C,A,20240101,2024,52,2024,246,,,X,,579,,,0,,,H6,HS,True,282520,,,,C00,,0,0,,8,,2.0,False,8,,2.0,False,2.0,False,0.0,False,,1.048,1.048,0,False,True
108,C,A,20240101,2024,52,2024,246,,,X,,757,,,0,,,H6,HS,True,282520,,,,C00,,0,0,,8,,0.008,True,-1,,0.0,False,0.008,True,0.0,False,,1.048,1.048,6,False,True
109,C,A,20240101,2024,52,2024,246,,,X,,842,,,0,,,H6,HS,True,282520,,,,C00,,0,0,,8,,2.0,False,8,,2.0,False,2.0,False,0.0,False,,707.316,707.316,0,False,True
110,C,A,20240101,2024,52,2024,251,,,X,,56,,,0,,,H6,HS,True,282520,,,,C00,,0,0,,8,,32275.0,False,8,,32275.0,False,32275.0,False,0.0,False,,546933.341,546933.341,0,False,True
111,C,A,20240101,2024,52,2024,251,,,X,,76,,,0,,,H6,HS,True,282520,,,,C00,,0,0,,8,,100.0,False,8,,100.0,False,100.0,False,0.0,False,,5053.634,5053.634,0,False,True
112,C,A,20240101,2024,52,2024,251,,,X,,124,,,0,,,H6,HS,True,282520,,,,C00,,0,0,,8,,6.0,False,8,,6.0,False,6.0,False,0.0,False,,108.238,108.238,0,False,True
113,C,A,20240101,2024,52,2024,251,,,X,,276,,,0,,,H6,HS,True,282520,,,,C00,,0,0,,8,,47044.0,False,8,,47044.0,False,47044.0,False,0.0,False,,1207524.206,1207524.206,0,False,True
114,C,A,20240101,2024,52,2024,251,,,X,,380,,,0,,,H6,HS,True,282520,,,,C00,,0,0,,8,,19501.0,False,8,,19501.0,False,19501.0,False,0.0,False,,325019.369,325019.369,0,False,True
115,C,A,20240101,2024,52,2024,251,,,X,,384,,,0,,,H6,HS,True,282520,,,,C00,,0,0,,8,,1.0,False,8,,1.0,False,1.0,False,0.0,False,,109.32,109.32,0,False,True
116,C,A,20240101,2024,52,2024,251,,,X,,504,,,0,,,H6,HS,True,282520,,,,C00,,0,0,,8,,47.903,True,-1,,0.0,False,47.903,True,0.0,False,,4510.279,4510.279,6,False,True
117,C,A,20240101,2024,52,2024,251,,,X,,528,,,0,,,H6,HS,True,282520,,,,C00,,0,0,,8,,170283.0,False,8,,170283.0,False,170283.0,False,0.0,False,,2880700.393,2880700.393,0,False,True
118,C,A,20240101,2024,52,2024,251,,,X,,616,,,0,,,H6,HS,True,282520,,,,C00,,0,0,,8,,200.0,False,8,,200.0,False,200.0,False,0.0,False,,4069.751,4069.751,0,False,True
119,C,A,20240101,2024,52,2024,251,,,X,,620,,,0,,,H6,HS,True,282520,,,,C00,,0,0,,8,,102.0,False,8,,102.0,False,102.0,False,0.0,False,,4275.403,4275.403,0,False,True
120,C,A,20240101,2024,52,2024,251,,,X,,642,,,0,,,H6,HS,True,282520,,,,C00,,0,0,,8,,2024.0,False,8,,2024.0,False,2024.0,False,0.0,False,,35216.331,35216.331,0,False,True
121,C,A,20240101,2024,52,2024,251,,,X,,702,,,0,,,H6,HS,True,282520,,,,C00,,0,0,,8,,4.944,True,-1,,0.0,False,4.944,True,0.0,False,,90.92,90.92,6,False,True
122,C,A,20240101,2024,52,2024,251,,,X,,724,,,0,,,H6,HS,True,282520,,,,C00,,0,0,,8,,11113.0,False,8,,11113.0,False,11113.0,False,0.0,False,,182343.224,182343.224,0,False,True
123,C,A,20240101,2024,52,2024,251,,,X,,752,,,0,,,H6,HS,True,282520,,,,C00,,0,0,,8,,3650.0,False,8,,3650.0,False,3650.0,False,0.0,False,,77314.436,77314.436,0,False,True
124,C,A,20240101,2024,52,2024,251,,,X,,757,,,0,,,H6,HS,True,282520,,,,C00,,0,0,,8,,8016.0,False,8,,8016.0,False,8016.0,False,0.0,False,,140603.387,140603.387,0,False,True
125,C,A,20240101,2024,52,2024,251,,,X,,826,,,0,,,H6,HS,True,282520,,,,C00,,0,0,,8,,9013.53,True,-1,,0.0,False,9013.53,True,0.0,False,,165066.267,165066.267,6,False,True
126,C,A,20240101,2024,52,2024,233,,,X,,32,,,0,,,H6,HS,True,282520,,,,C03,,0,0,,8,,5000.0,False,8,,5000.0,False,5000.0,False,0.0,False,,107118.26,107118.26,0,False,True
127,C,A,20240101,2024,52,2024,233,,,X,,528,,,0,,,H6,HS,True,282520,,,,C03,,0,0,,8,,5000.0,False,8,,5000.0,False,5000.0,False,0.0,False,,72601.25,72601.25,0,False,True
128,C,A,20240101,2024,52,2024,233,,,X,,616,,,0,,,H6,HS,True,282520,,,,C03,,0,0,,8,,6000.0,False,8,,6000.0,False,6000.0,False,0.0,False,,90346.24,90346.24,0,False,True
129,C,A,20240101,2024,52,2024,233,,,X,,784,,,0,,,H6,HS,True,282520,,,,C03,,0,0,,8,,0.35,False,8,,0.35,False,0.35,False,0.0,False,,283.79,283.79,0,False,True
130,C,A,20240101,2024,52,2024,328,,,X,,780,,,0,,,H5,HS,True,282520,,,,C00,,0,0,,8,,50.0,False,5,,702.0,False,50.0,False,0.0,False,,2807.998,2807.998,0,False,True
131,C,A,20240101,2024,52,2024,344,,,X,,276,,,0,,,H6,HS,True,282520,,,,C00,,0,0,,8,,54.0,False,8,,54.0,False,54.0,False,0.0,False,,6372.894,6372.894,0,True,False
132,C,A,20240101,2024,52,2024,344,,,X,,842,,,0,,,H6,HS,True,282520,,,,C00,,0,0,,8,,104.0,False,8,,104.0,False,104.0,False,0.0,False,,22475.492,22475.492,0,True,False
133,C,A,20240101,2024,52,2024,328,,,X,,780,,,0,,,H5,HS,True,282520,,,,C03,,0,0,,8,,50.0,False,5,,702.0,False,50.0,False,0.0,False,,2807.998,2807.998,0,False,True
134,C,A,20240101,2024,52,2024,360,,,X,,156,,,0,,,H6,HS,True,282520,,,,C00,,0,0,,8,,0.3,False,8,,0.3,False,0.3,False,0.0,False,,15.15,15.15,0,False,True
135,C,A,20240101,2024,52,2024,360,,,X,,392,,,0,,,H6,HS,True,282520,,,,C00,,0,0,,8,,11250.0,False,8,,11250.0,False,11250.0,False,0.0,False,,50625.0,50625.0,0,False,True
136,C,A,20240101,2024,52,2024,380,,,X,,56,,,0,,,H6,HS,True,282520,,,,C00,,0,0,,8,,1000.0,False,8,,1000.0,False,1000.0,False,0.0,False,,15153.326,15153.326,0,True,False
137,C,A,20240101,2024,52,2024,380,,,X,,251,,,0,,,H6,HS,True,282520,,,,C00,,0,0,,8,,1000.0,False,8,,1000.0,False,1000.0,False,0.0,False,,31226.676,31226.676,0,True,False
138,C,A,20240101,2024,52,2024,380,,,X,,616,,,0,,,H6,HS,True,282520,,,,C00,,0,0,,8,,2125.0,False,8,,2125.0,False,2125.0,False,0.0,False,,33564.618,33564.618,0,True,False
139,C,A,20240101,2024,52,2024,380,,,X,,724,,,0,,,H6,HS,True,282520,,,,C00,,0,0,,8,,2075.0,False,8,,2075.0,False,2075.0,False,0.0,False,,26559.452,26559.452,0,True,False
140,C,A,20240101,2024,52,2024,380,,,X,,757,,,0,,,H6,HS,True,282520,,,,C00,,0,0,,8,,25.0,False,8,,25.0,False,25.0,False,0.0,False,,2657.244,2657.244,0,True,False
141,C,A,20240101,2024,52,2024,392,,,X,,156,,,0,,,H6,HS,True,282520,,,,C00,,0,0,,8,,40640.0,False,8,,40640.0,False,40640.0,False,0.0,False,,224931.165,224931.165,0,True,False
142,C,A,20240101,2024,52,2024,392,,,X,,276,,,0,,,H6,HS,True,282520,,,,C00,,0,0,,8,,2201075.0,False,8,,2201075.0,False,2201075.0,False,0.0,False,,29070293.507,29070293.507,0,True,False
143,C,A,20240101,2024,52,2024,392,,,X,,410,,,0,,,H6,HS,True,282520,,,,C00,,0,0,,8,,12.0,False,8,,12.0,False,12.0,False,0.0,False,,9685.114,9685.114,0,True,False
144,C,A,20240101,2024,52,2024,392,,,X,,528,,,0,,,H6,HS,True,282520,,,,C00,,0,0,,8,,132446.0,False,8,,132446.0,False,132446.0,False,0.0,False,,1597277.513,1597277.513,0,True,False
145,C,A,20240101,2024,52,2024,392,,,X,,682,,,0,,,H6,HS,True,282520,,,,C00,,0,0,,8,,60.0,False,8,,60.0,False,60.0,False,0.0,False,,8324.177,8324.177,0,True,False
146,C,A,20240101,2024,52,2024,392,,,X,,699,,,0,,,H6,HS,True,282520,,,,C00,,0,0,,8,,32858.0,False,8,,32858.0,False,32858.0,False,0.0,False,,301222.912,301222.912,0,True,False
147,C,A,20240101,2024,52,2024,392,,,X,,757,,,0,,,H6,HS,True,282520,,,,C00,,0,0,,8,,366.841,True,8,,0.0,False,366.841,True,0.0,False,,4756.673,4756.673,6,True,False
148,C,A,20240101,2024,52,2024,404,,,X,,646,,,0,,,H6,HS,True,282520,,,,C00,,0,0,,8,,20.0,False,8,,20.0,False,20.0,False,0.0,False,,1863.359,1863.359,0,True,False
149,C,A,20240101,2024,52,2024,410,,,X,,36,,,0,,,H6,HS,True,282520,,,,C00,,0,0,,8,,15000.0,False,8,,15000.0,False,15000.0,False,0.0,False,,186436.0,186436.0,0,True,False
150,C,A,20240101,2024,52,2024,410,,,X,,56,,,0,,,H6,HS,True,282520,,,,C00,,0,0,,8,,1038.0,False,8,,1038.0,False,1038.0,False,0.0,False,,13168.0,13168.0,0,True,False
151,C,A,20240101,2024,52,2024,410,,,X,,124,,,0,,,H6,HS,True,282520,,,,C00,,0,0,,8,,2046.0,False,8,,2046.0,False,2046.0,False,0.0,False,,42640.0,42640.0,0,True,False
152,C,A,20240101,2024,52,2024,410,,,X,,156,,,0,,,H6,HS,True,282520,,,,C00,,0,0,,8,,1387181.7,False,8,,1387181.7,False,1387181.7,False,0.0,False,,25789298.0,25789298.0,0,True,False
153,C,A,20240101,2024,52,2024,410,,,X,,276,,,0,,,H6,HS,True,282520,,,,C00,,0,0,,8,,300.0,False,8,,300.0,False,300.0,False,0.0,False,,3900.0,3900.0,0,True,False
154,C,A,20240101,2024,52,2024,410,,,X,,344,,,0,,,H6,HS,True,282520,,,,C00,,0,0,,8,,334800.1,False,8,,334800.1,False,334800.1,False,0.0,False,,2684751.0,2684751.0,0,True,False
155,C,A,20240101,2024,52,2024,410,,,X,,348,,,0,,,H6,HS,True,282520,,,,C00,,0,0,,8,,18021.2,False,8,,18021.2,False,18021.2,False,0.0,False,,180982.0,180982.0,0,True,False
156,C,A,20240101,2024,52,2024,410,,,X,,360,,,0,,,H6,HS,True,282520,,,,C00,,0,0,,8,,7000.0,False,8,,7000.0,False,7000.0,False,0.0,False,,101699.0,101699.0,0,True,False
157,C,A,20240101,2024,52,2024,410,,,X,,392,,,0,,,H6,HS,True,282520,,,,C00,,0,0,,8,,1341307.1,False,8,,1341307.1,False,1341307.1,False,0.0,False,,15490526.0,15490526.0,0,True,False
158,C,A,20240101,2024,52,2024,410,,,X,,528,,,0,,,H6,HS,True,282520,,,,C00,,0,0,,8,,69747.4,False,8,,69747.4,False,69747.4,False,0.0,False,,693161.0,693161.0,0,True,False
159,C,A,20240101,2024,52,2024,410,,,X,,702,,,0,,,H6,HS,True,282520,,,,C00,,0,0,,8,,0.05,False,8,,0.05,False,0.05,False,0.0,False,,167.0,167.0,0,True,False
160,C,A,20240101,2024,52,2024,410,,,X,,704,,,0,,,H6,HS,True,282520,,,,C00,,0,0,,8,,0.1,False,8,,0.1,False,0.1,False,0.0,False,,27.0,27.0,0,True,False
161,C,A,20240101,2024,52,2024,410,,,X,,757,,,0,,,H6,HS,True,282520,,,,C00,,0,0,,8,,249750.0,False,8,,249750.0,False,249750.0,False,0.0,False,,2152845.0,2152845.0,0,True,False
162,C,A,20240101,2024,52,2024,410,,,X,,764,,,0,,,H6,HS,True,282520,,,,C00,,0,0,,8,,0.55,False,8,,0.55,False,0.55,False,0.0,False,,662.0,662.0,0,True,False
163,C,A,20240101,2024,52,2024,410,,,X,,842,,,0,,,H6,HS,True,282520,,,,C00,,0,0,,8,,1125.0,False,8,,1125.0,False,1125.0,False,0.0,False,,52169.0,52169.0,0,True,False
164,C,A,20240101,2024,52,2024,428,,,X,,276,,,0,,,H6,HS,True,282520,,,,C00,,0,0,,8,,33.0,False,8,,33.0,False,33.0,False,0.0,False,,299.692,299.692,0,False,True
165,C,A,20240101,2024,52,2024,428,,,X,,616,,,0,,,H6,HS,True,282520,,,,C00,,0,0,,8,,12.0,False,8,,12.0,False,12.0,False,0.0,False,,104.787,104.787,0,False,True
166,C,A,20240101,2024,52,2024,458,,,X,,764,,,0,,,H6,HS,True,282520,,,,C00,,0,0,,8,,3995.55,False,8,,3995.55,False,3995.55,False,0.0,False,,11374.592,11374.592,0,False,True
167,C,A,20240101,2024,52,2024,470,,,X,,826,,,0,,,H6,HS,True,282520,,,,C00,,0,0,,8,,5.0,False,8,,5.0,False,5.0,False,0.0,False,,5085.023,5085.023,0,False,True
168,C,A,20240101,2024,52,2024,528,,,X,,36,,,0,,,H6,HS,True,282520,,,,C00,,0,0,,8,,24000.0,False,8,,24000.0,False,24000.0,False,0.0,False,,325445.827,325445.827,0,True,False
169,C,A,20240101,2024,52,2024,528,,,X,,40,,,0,,,H6,HS,True,282520,,,,C00,,0,0,,8,,24421.0,False,8,,24421.0,False,24421.0,False,0.0,False,,380123.359,380123.359,0,True,False
170,C,A,20240101,2024,52,2024,528,,,X,,56,,,0,,,H6,HS,True,282520,,,,C00,,0,0,,8,,228545.0,False,8,,228545.0,False,228545.0,False,0.0,False,,3394744.521,3394744.521,0,True,False
171,C,A,20240101,2024,52,2024,528,,,X,,100,,,0,,,H6,HS,True,282520,,,,C00,,0,0,,8,,305.0,False,8,,305.0,False,305.0,False,0.0,False,,5085.023,5085.023,0,True,False
172,C,A,20240101,2024,52,2024,528,,,X,,156,,,0,,,H6,HS,True,282520,,,,C00,,0,0,,8,,414000.0,False,8,,414000.0,False,414000.0,False,0.0,False,,2785556.986,2785556.986,0,True,False
173,C,A,20240101,2024,52,2024,528,,,X,,170,,,0,,,H6,HS,True,282520,,,,C00,,0,0,,8,,3000.0,False,8,,3000.0,False,3000.0,False,0.0,False,,52460.816,52460.816,0,True,False
174,C,A,20240101,2024,52,2024,528,,,X,,191,,,0,,,H6,HS,True,282520,,,,C00,,0,0,,8,,5972.0,False,8,,5972.0,False,5972.0,False,0.0,False,,98870.043,98870.043,0,True,False
175,C,A,20240101,2024,52,2024,528,,,X,,192,,,0,,,H6,HS,True,282520,,,,C00,,0,0,,8,,6000.0,False,8,,6000.0,False,6000.0,False,0.0,False,,258315.509,258315.509,0,True,False
176,C,A,20240101,2024,52,2024,528,,,X,,196,,,0,,,H6,HS,True,282520,,,,C00,,0,0,,8,,44.0,False,8,,44.0,False,44.0,False,0.0,False,,767.408,767.408,0,True,False
177,C,A,20240101,2024,52,2024,528,,,X,,203,,,0,,,H6,HS,True,282520,,,,C00,,0,0,,8,,5090.0,False,8,,5090.0,False,5090.0,False,0.0,False,,60618.718,60618.718,0,True,False
178,C,A,20240101,2024,52,2024,528,,,X,,233,,,0,,,H6,HS,True,282520,,,,C00,,0,0,,8,,3381.0,False,8,,3381.0,False,3381.0,False,0.0,False,,62332.126,62332.126,0,True,False
179,C,A,20240101,2024,52,2024,528,,,X,,246,,,0,,,H6,HS,True,282520,,,,C00,,0,0,,8,,516.0,False,8,,516.0,False,516.0,False,0.0,False,,9138.538,9138.538,0,True,False
180,C,A,20240101,2024,52,2024,528,,,X,,251,,,0,,,H6,HS,True,282520,,,,C00,,0,0,,8,,282324.0,False,8,,282324.0,False,282324.0,False,0.0,False,,4061031.955,4061031.955,0,True,False
181,C,A,20240101,2024,52,2024,528,,,X,,268,,,0,,,H6,HS,True,282520,,,,C00,,0,0,,8,,3000.0,False,8,,3000.0,False,3000.0,False,0.0,False,,43091.731,43091.731,0,True,False
182,C,A,20240101,2024,52,2024,528,,,X,,276,,,0,,,H6,HS,True,282520,,,,C00,,0,0,,8,,680747.0,False,8,,680747.0,False,680747.0,False,0.0,False,,11197927.241,11197927.241,0,True,False
183,C,A,20240101,2024,52,2024,528,,,X,,300,,,0,,,H6,HS,True,282520,,,,C00,,0,0,,8,,2183.0,False,8,,2183.0,False,2183.0,False,0.0,False,,35547.539,35547.539,0,True,False
184,C,A,20240101,2024,52,2024,528,,,X,,348,,,0,,,H6,HS,True,282520,,,,C00,,0,0,,8,,1231.0,False,8,,1231.0,False,1231.0,False,0.0,False,,20040.274,20040.274,0,True,False
185,C,A,20240101,2024,52,2024,528,,,X,,372,,,0,,,H6,HS,True,282520,,,,C00,,0,0,,8,,18.0,False,8,,18.0,False,18.0,False,0.0,False,,285.748,285.748,0,True,False
186,C,A,20240101,2024,52,2024,528,,,X,,376,,,0,,,H6,HS,True,282520,,,,C00,,0,0,,8,,3000.0,False,8,,3000.0,False,3000.0,False,0.0,False,,63699.172,63699.172,0,True,False
187,C,A,20240101,2024,52,2024,528,,,X,,380,,,0,,,H6,HS,True,282520,,,,C00,,0,0,,8,,8681.0,False,8,,8681.0,False,8681.0,False,0.0,False,,133033.218,133033.218,0,True,False
188,C,A,20240101,2024,52,2024,528,,,X,,410,,,0,,,H6,HS,True,282520,,,,C00,,0,0,,8,,234900.0,False,8,,234900.0,False,234900.0,False,0.0,False,,2748454.066,2748454.066,0,True,False
189,C,A,20240101,2024,52,2024,528,,,X,,428,,,0,,,H6,HS,True,282520,,,,C00,,0,0,,8,,24.0,False,8,,24.0,False,24.0,False,0.0,False,,412.387,412.387,0,True,False
190,C,A,20240101,2024,52,2024,528,,,X,,440,,,0,,,H6,HS,True,282520,,,,C00,,0,0,,8,,109.0,False,8,,109.0,False,109.0,False,0.0,False,,1827.058,1827.058,0,True,False
191,C,A,20240101,2024,52,2024,528,,,X,,442,,,0,,,H6,HS,True,282520,,,,C00,,0,0,,8,,274.0,False,8,,274.0,False,274.0,False,0.0,False,,4587.128,4587.128,0,True,False
192,C,A,20240101,2024,52,2024,528,,,X,,458,,,0,,,H6,HS,True,282520,,,,C00,,0,0,,8,,100.0,False,8,,100.0,False,100.0,False,0.0,False,,3701.741,3701.741,0,True,False
193,C,A,20240101,2024,52,2024,528,,,X,,470,,,0,,,H6,HS,True,282520,,,,C00,,0,0,,8,,15.0,False,8,,15.0,False,15.0,False,0.0,False,,1349.728,1349.728,0,True,False
194,C,A,20240101,2024,52,2024,528,,,X,,504,,,0,,,H6,HS,True,282520,,,,C00,,0,0,,8,,5000.0,False,8,,5000.0,False,5000.0,False,0.0,False,,90487.006,90487.006,0,True,False
195,C,A,20240101,2024,52,2024,528,,,X,,616,,,0,,,H6,HS,True,282520,,,,C00,,0,0,,8,,70644.0,False,8,,70644.0,False,70644.0,False,0.0,False,,946080.618,946080.618,0,True,False
196,C,A,20240101,2024,52,2024,528,,,X,,642,,,0,,,H6,HS,True,282520,,,,C00,,0,0,,8,,6181.0,False,8,,6181.0,False,6181.0,False,0.0,False,,121057.76,121057.76,0,True,False
197,C,A,20240101,2024,52,2024,528,,,X,,682,,,0,,,H6,HS,True,282520,,,,C00,,0,0,,8,,32000.0,False,8,,32000.0,False,32000.0,False,0.0,False,,421917.315,421917.315,0,True,False
198,C,A,20240101,2024,52,2024,528,,,X,,699,,,0,,,H6,HS,True,282520,,,,C00,,0,0,,8,,338000.0,False,8,,338000.0,False,338000.0,False,0.0,False,,3737979.271,3737979.271,0,True,False
199,C,A,20240101,2024,52,2024,528,,,X,,703,,,0,,,H6,HS,True,282520,,,,C00,,0,0,,8,,306.0,False,8,,306.0,False,306.0,False,0.0,False,,5541.788,5541.788,0,True,False
200,C,A,20240101,2024,52,2024,528,,,X,,705,,,0,,,H6,HS,True,282520,,,,C00,,0,0,,8,,3155.0,False,8,,3155.0,False,3155.0,False,0.0,False,,53472.842,53472.842,0,True,False
201,C,A,20240101,2024,52,2024,528,,,X,,710,,,0,,,H6,HS,True,282520,,,,C00,,0,0,,8,,36000.0,False,8,,36000.0,False,36000.0,False,0.0,False,,419030.607,419030.607,0,True,False
202,C,A,20240101,2024,52,2024,528,,,X,,724,,,0,,,H6,HS,True,282520,,,,C00,,0,0,,8,,81511.0,False,8,,81511.0,False,81511.0,False,0.0,False,,1400926.112,1400926.112,0,True,False
203,C,A,20240101,2024,52,2024,528,,,X,,752,,,0,,,H6,HS,True,282520,,,,C00,,0,0,,8,,171378.0,False,8,,171378.0,False,171378.0,False,0.0,False,,2429752.551,2429752.551,0,True,False
204,C,A,20240101,2024,52,2024,528,,,X,,757,,,0,,,H6,HS,True,282520,,,,C00,,0,0,,8,,35000.0,False,8,,35000.0,False,35000.0,False,0.0,False,,647709.456,647709.456,0,True,False
205,C,A,20240101,2024,52,2024,528,,,X,,780,,,0,,,H6,HS,True,282520,,,,C00,,0,0,,8,,2000.0,False,8,,2000.0,False,2000.0,False,0.0,False,,41084.998,41084.998,0,True,False
206,C,A,20240101,2024,52,2024,528,,,X,,784,,,0,,,H6,HS,True,282520,,,,C00,,0,0,,8,,40001.0,False,8,,40001.0,False,40001.0,False,0.0,False,,542741.281,542741.281,0,True,False
207,C,A,20240101,2024,52,2024,528,,,X,,792,,,0,,,H6,HS,True,282520,,,,C00,,0,0,,8,,165480.0,False,8,,165480.0,False,165480.0,False,0.0,False,,2406301.696,2406301.696,0,True,False
208,C,A,20240101,2024,52,2024,528,,,X,,804,,,0,,,H6,HS,True,282520,,,,C00,,0,0,,8,,13950.0,False,8,,13950.0,False,13950.0,False,0.0,False,,219327.082,219327.082,0,True,False
209,C,A,20240101,2024,52,2024,528,,,X,,818,,,0,,,H6,HS,True,282520,,,,C00,,0,0,,8,,20000.0,False,8,,20000.0,False,20000.0,False,0.0,False,,306316.917,306316.917,0,True,False
210,C,A,20240101,2024,52,2024,528,,,X,,826,,,0,,,H6,HS,True,282520,,,,C00,,0,0,,8,,277423.0,False,8,,277423.0,False,277423.0,False,0.0,False,,3508998.438,3508998.438,0,True,False
211,C,A,20240101,2024,52,2024,528,,,X,,834,,,0,,,H6,HS,True,282520,,,,C00,,0,0,,8,,2000.0,False,8,,2000.0,False,2000.0,False,0.0,False,,23733.356,23733.356,0,True,False
212,C,A,20240101,2024,52,2024,528,,,X,,862,,,0,,,H6,HS,True,282520,,,,C00,,0,0,,8,,2000.0,False,8,,2000.0,False,2000.0,False,0.0,False,,84066.326,84066.326,0,True,False
213,C,A,20240101,2024,52,2024,566,,,X,,156,,,0,,,H6,HS,True,282520,,,,C00,,0,0,,8,,8604270.0,False,8,,8604270.0,False,8604270.0,False,0.0,False,,2463315.967,2463315.967,0,False,True
214,C,A,20240101,2024,52,2024,579,,,X,,208,,,0,,,H6,HS,True,282520,,,,C00,,0,0,,8,,4.0,False,8,,4.0,False,4.0,False,0.0,False,,663.141,663.141,0,False,True
215,C,A,20240101,2024,52,2024,579,,,X,,392,,,0,,,H6,HS,True,282520,,,,C00,,0,0,,8,,51.0,False,8,,51.0,False,51.0,False,0.0,False,,1788.693,1788.693,0,False,True
216,C,A,20240101,2024,52,2024,616,,,X,,32,,,0,,,H6,HS,True,282520,,,,C00,,0,0,,8,,1000.0,False,8,,1000.0,False,1000.0,False,0.0,False,,15367.0,15367.0,0,True,False
217,C,A,20240101,2024,52,2024,616,,,X,,100,,,0,,,H6,HS,True,282520,,,,C00,,0,0,,8,,6017.0,False,8,,6017.0,False,6017.0,False,0.0,False,,110631.0,110631.0,0,True,False
218,C,A,20240101,2024,52,2024,616,,,X,,124,,,0,,,H6,HS,True,282520,,,,C00,,0,0,,8,,1.0,False,8,,1.0,False,1.0,False,0.0,False,,20.0,20.0,0,True,False
219,C,A,20240101,2024,52,2024,616,,,X,,156,,,0,,,H6,HS,True,282520,,,,C00,,0,0,,8,,3.0,False,8,,3.0,False,3.0,False,0.0,False,,398.0,398.0,0,True,False
220,C,A,20240101,2024,52,2024,616,,,X,,191,,,0,,,H6,HS,True,282520,,,,C00,,0,0,,8,,2000.0,False,8,,2000.0,False,2000.0,False,0.0,False,,35896.0,35896.0,0,True,False
221,C,A,20240101,2024,52,2024,616,,,X,,196,,,0,,,H6,HS,True,282520,,,,C00,,0,0,,8,,10.0,False,8,,10.0,False,10.0,False,0.0,False,,241.0,241.0,0,True,False
222,C,A,20240101,2024,52,2024,616,,,X,,203,,,0,,,H6,HS,True,282520,,,,C00,,0,0,,8,,801.0,False,8,,801.0,False,801.0,False,0.0,False,,16079.0,16079.0,0,True,False
223,C,A,20240101,2024,52,2024,616,,,X,,208,,,0,,,H6,HS,True,282520,,,,C00,,0,0,,8,,200.0,False,8,,200.0,False,200.0,False,0.0,False,,4727.0,4727.0,0,True,False
224,C,A,20240101,2024,52,2024,616,,,X,,251,,,0,,,H6,HS,True,282520,,,,C00,,0,0,,8,,3.0,False,8,,3.0,False,3.0,False,0.0,False,,155.0,155.0,0,True,False
225,C,A,20240101,2024,52,2024,616,,,X,,276,,,0,,,H6,HS,True,282520,,,,C00,,0,0,,8,,8333.0,False,8,,8333.0,False,8333.0,False,0.0,False,,156826.0,156826.0,0,True,False
226,C,A,20240101,2024,52,2024,616,,,X,,300,,,0,,,H6,HS,True,282520,,,,C00,,0,0,,8,,9013.0,False,8,,9013.0,False,9013.0,False,0.0,False,,142557.0,142557.0,0,True,False
227,C,A,20240101,2024,52,2024,616,,,X,,348,,,0,,,H6,HS,True,282520,,,,C00,,0,0,,8,,6000.0,False,8,,6000.0,False,6000.0,False,0.0,False,,101925.0,101925.0,0,True,False
228,C,A,20240101,2024,52,2024,616,,,X,,380,,,0,,,H6,HS,True,282520,,,,C00,,0,0,,8,,15000.0,False,8,,15000.0,False,15000.0,False,0.0,False,,202837.0,202837.0,0,True,False
229,C,A,20240101,2024,52,2024,616,,,X,,410,,,0,,,H6,HS,True,282520,,,,C00,,0,0,,8,,3.0,False,8,,3.0,False,3.0,False,0.0,False,,227.0,227.0,0,True,False
230,C,A,20240101,2024,52,2024,616,,,X,,428,,,0,,,H6,HS,True,282520,,,,C00,,0,0,,8,,2.0,False,8,,2.0,False,2.0,False,0.0,False,,195.0,195.0,0,True,False
231,C,A,20240101,2024,52,2024,616,,,X,,470,,,0,,,H6,HS,True,282520,,,,C00,,0,0,,8,,10.0,False,8,,10.0,False,10.0,False,0.0,False,,247.0,247.0,0,True,False
232,C,A,20240101,2024,52,2024,616,,,X,,528,,,0,,,H6,HS,True,282520,,,,C00,,0,0,,8,,24.0,False,8,,24.0,False,24.0,False,0.0,False,,567.0,567.0,0,True,False
233,C,A,20240101,2024,52,2024,616,,,X,,620,,,0,,,H6,HS,True,282520,,,,C00,,0,0,,8,,6501.0,False,8,,6501.0,False,6501.0,False,0.0,False,,97365.0,97365.0,0,True,False
234,C,A,20240101,2024,52,2024,616,,,X,,642,,,0,,,H6,HS,True,282520,,,,C00,,0,0,,8,,200.0,False,8,,200.0,False,200.0,False,0.0,False,,4770.0,4770.0,0,True,False
235,C,A,20240101,2024,52,2024,616,,,X,,688,,,0,,,H6,HS,True,282520,,,,C00,,0,0,,8,,6000.0,False,8,,6000.0,False,6000.0,False,0.0,False,,102314.0,102314.0,0,True,False
236,C,A,20240101,2024,52,2024,616,,,X,,702,,,0,,,H6,HS,True,282520,,,,C00,,0,0,,8,,7.0,False,8,,7.0,False,7.0,False,0.0,False,,184.0,184.0,0,True,False
237,C,A,20240101,2024,52,2024,616,,,X,,703,,,0,,,H6,HS,True,282520,,,,C00,,0,0,,8,,1.0,False,8,,1.0,False,1.0,False,0.0,False,,52.0,52.0,0,True,False
238,C,A,20240101,2024,52,2024,616,,,X,,710,,,0,,,H6,HS,True,282520,,,,C00,,0,0,,8,,1.0,False,8,,1.0,False,1.0,False,0.0,False,,31.0,31.0,0,True,False
239,C,A,20240101,2024,52,2024,616,,,X,,724,,,0,,,H6,HS,True,282520,,,,C00,,0,0,,8,,18967.0,False,8,,18967.0,False,18967.0,False,0.0,False,,398434.0,398434.0,0,True,False
240,C,A,20240101,2024,52,2024,616,,,X,,757,,,0,,,H6,HS,True,282520,,,,C00,,0,0,,8,,2.0,False,8,,2.0,False,2.0,False,0.0,False,,34.0,34.0,0,True,False
241,C,A,20240101,2024,52,2024,616,,,X,,764,,,0,,,H6,HS,True,282520,,,,C00,,0,0,,8,,1.0,False,8,,1.0,False,1.0,False,0.0,False,,32.0,32.0,0,True,False
242,C,A,20240101,2024,52,2024,616,,,X,,792,,,0,,,H6,HS,True,282520,,,,C00,,0,0,,8,,4000.0,False,8,,4000.0,False,4000.0,False,0.0,False,,70949.0,70949.0,0,True,False
243,C,A,20240101,2024,52,2024,616,,,X,,804,,,0,,,H6,HS,True,282520,,,,C00,,0,0,,8,,7150.0,False,8,,7150.0,False,7150.0,False,0.0,False,,131392.0,131392.0,0,True,False
244,C,A,20240101,2024,52,2024,616,,,X,,826,,,0,,,H6,HS,True,282520,,,,C00,,0,0,,8,,8.0,False,8,,8.0,False,8.0,False,0.0,False,,81.0,81.0,0,True,False
245,C,A,20240101,2024,52,2024,616,,,X,,842,,,0,,,H6,HS,True,282520,,,,C00,,0,0,,8,,63.0,False,8,,63.0,False,63.0,False,0.0,False,,1516.0,1516.0,0,True,False
246,C,A,20240101,2024,52,2024,616,,,X,,862,,,0,,,H6,HS,True,282520,,,,C00,,0,0,,8,,1700.0,False,8,,1700.0,False,1700.0,False,0.0,False,,26995.0,26995.0,0,True,False
247,C,A,20240101,2024,52,2024,620,,,X,,724,,,0,,,H6,HS,True,282520,,,,C00,,0,0,,8,,363.0,False,8,,363.0,False,363.0,False,0.0,False,,97835.897,97835.897,0,False,True
248,C,A,20240101,2024,52,2024,642,,,X,,826,,,0,,,H6,HS,True,282520,,,,C00,,0,0,,8,,275.0,False,8,,275.0,False,275.0,False,0.0,False,,6116.0,6116.0,0,False,True
249,C,A,20240101,2024,52,2024,642,,,X,,842,,,0,,,H6,HS,True,282520,,,,C00,,0,0,,8,,499.0,False,8,,499.0,False,499.0,False,0.0,False,,998000.0,998000.0,0,False,True
250,C,A,20240101,2024,52,2024,566,,,X,,156,,,0,,,H6,HS,True,282520,,,,C03,,0,0,,8,,8604270.0,False,8,,8604270.0,False,8604270.0,False,0.0,False,,2463315.967,2463315.967,0,False,True
251,C,A,20240101,2024,52,2024,620,,,X,,724,,,0,,,H6,HS,True,282520,,,,C03,,0,0,,8,,299.0,False,8,,299.0,False,299.0,False,0.0,False,,97425.13,97425.13,0,False,True
252,C,A,20240101,2024,52,2024,620,,,X,,724,,,0,,,H6,HS,True,282520,,,,C20,,0,0,,8,,64.0,False,8,,64.0,False,64.0,False,0.0,False,,410.767,410.767,0,False,True
253,C,A,20240101,2024,52,2024,699,,,X,,32,,,0,,,H6,HS,True,282520,,,,C00,,0,0,,8,,25.0,False,8,,25.0,False,25.0,False,0.0,False,,3459.266,3459.266,0,False,True
254,C,A,20240101,2024,52,2024,699,,,X,,36,,,0,,,H6,HS,True,282520,,,,C00,,0,0,,8,,5.0,False,8,,5.0,False,5.0,False,0.0,False,,3168.466,3168.466,0,False,True
255,C,A,20240101,2024,52,2024,699,,,X,,50,,,0,,,H6,HS,True,282520,,,,C00,,0,0,,8,,2805.0,False,8,,2805.0,False,2805.0,False,0.0,False,,55026.422,55026.422,0,False,True
256,C,A,20240101,2024,52,2024,699,,,X,,144,,,0,,,H6,HS,True,282520,,,,C00,,0,0,,8,,200.871,True,8,,200.0,False,200.871,True,0.0,False,,7499.143,7499.143,6,False,True
257,C,A,20240101,2024,52,2024,699,,,X,,251,,,0,,,H6,HS,True,282520,,,,C00,,0,0,,8,,12800.0,False,8,,12800.0,False,12800.0,False,0.0,False,,252095.713,252095.713,0,False,True
258,C,A,20240101,2024,52,2024,699,,,X,,372,,,0,,,H6,HS,True,282520,,,,C00,,0,0,,8,,100.0,False,8,,100.0,False,100.0,False,0.0,False,,4271.374,4271.374,0,False,True
259,C,A,20240101,2024,52,2024,699,,,X,,384,,,0,,,H6,HS,True,282520,,,,C00,,0,0,,8,,10.0,False,8,,10.0,False,10.0,False,0.0,False,,1762.168,1762.168,0,False,True
260,C,A,20240101,2024,52,2024,699,,,X,,392,,,0,,,H6,HS,True,282520,,,,C00,,0,0,,8,,37.715,True,8,,0.0,False,37.715,True,0.0,False,,664.319,664.319,6,False,True
261,C,A,20240101,2024,52,2024,699,,,X,,404,,,0,,,H6,HS,True,282520,,,,C00,,0,0,,8,,350.0,False,8,,350.0,False,350.0,False,0.0,False,,33107.899,33107.899,0,False,True
262,C,A,20240101,2024,52,2024,699,,,X,,410,,,0,,,H6,HS,True,282520,,,,C00,,0,0,,8,,1.0,False,8,,1.0,False,1.0,False,0.0,False,,18.415,18.415,0,False,True
263,C,A,20240101,2024,52,2024,699,,,X,,422,,,0,,,H6,HS,True,282520,,,,C00,,0,0,,8,,6000.0,False,8,,6000.0,False,6000.0,False,0.0,False,,220927.516,220927.516,0,False,True
264,C,A,20240101,2024,52,2024,699,,,X,,512,,,0,,,H6,HS,True,282520,,,,C00,,0,0,,8,,4.0,False,8,,4.0,False,4.0,False,0.0,False,,203.504,203.504,0,False,True
265,C,A,20240101,2024,52,2024,699,,,X,,524,,,0,,,H6,HS,True,282520,,,,C00,,0,0,,8,,8780.0,False,8,,8780.0,False,8780.0,False,0.0,False,,146934.248,146934.248,0,False,True
266,C,A,20240101,2024,52,2024,699,,,X,,566,,,0,,,H6,HS,True,282520,,,,C00,,0,0,,8,,639.0,False,8,,639.0,False,639.0,False,0.0,False,,22436.242,22436.242,0,False,True
267,C,A,20240101,2024,52,2024,699,,,X,,608,,,0,,,H6,HS,True,282520,,,,C00,,0,0,,8,,12000.0,False,8,,12000.0,False,12000.0,False,0.0,False,,155371.46,155371.46,0,False,True
268,C,A,20240101,2024,52,2024,699,,,X,,634,,,0,,,H6,HS,True,282520,,,,C00,,0,0,,8,,7000.0,False,8,,7000.0,False,7000.0,False,0.0,False,,138936.248,138936.248,0,False,True
269,C,A,20240101,2024,52,2024,699,,,X,,643,,,0,,,H6,HS,True,282520,,,,C00,,0,0,,8,,2.0,False,8,,2.0,False,2.0,False,0.0,False,,63.257,63.257,0,False,True
270,C,A,20240101,2024,52,2024,699,,,X,,682,,,0,,,H6,HS,True,282520,,,,C00,,0,0,,8,,1785.0,False,8,,1785.0,False,1785.0,False,0.0,False,,40083.063,40083.063,0,False,True
271,C,A,20240101,2024,52,2024,699,,,X,,757,,,0,,,H6,HS,True,282520,,,,C00,,0,0,,8,,1.0,False,8,,1.0,False,1.0,False,0.0,False,,2.942,2.942,0,False,True
272,C,A,20240101,2024,52,2024,699,,,X,,764,,,0,,,H6,HS,True,282520,,,,C00,,0,0,,8,,100.0,False,8,,100.0,False,100.0,False,0.0,False,,1412.935,1412.935,0,False,True
273,C,A,20240101,2024,52,2024,699,,,X,,784,,,0,,,H6,HS,True,282520,,,,C00,,0,0,,8,,67066.0,False,8,,67066.0,False,67066.0,False,0.0,False,,980450.319,980450.319,0,False,True
274,C,A,20240101,2024,52,2024,699,,,X,,788,,,0,,,H6,HS,True,282520,,,,C00,,0,0,,8,,3.339,True,8,,0.0,False,3.339,True,0.0,False,,58.821,58.821,6,False,True
275,C,A,20240101,2024,52,2024,699,,,X,,818,,,0,,,H6,HS,True,282520,,,,C00,,0,0,,8,,2.0,False,8,,2.0,False,2.0,False,0.0,False,,161.132,161.132,0,False,True
276,C,A,20240101,2024,52,2024,699,,,X,,842,,,0,,,H6,HS,True,282520,,,,C00,,0,0,,8,,469.0,False,8,,469.0,False,469.0,False,0.0,False,,36467.643,36467.643,0,False,True
277,C,A,20240101,2024,52,2024,699,,,X,,860,,,0,,,H6,HS,True,282520,,,,C00,,0,0,,8,,50.0,False,8,,50.0,False,50.0,False,0.0,False,,2850.697,2850.697,0,False,True
278,C,A,20240101,2024,52,2024,702,,,X,,360,,,0,,,H6,HS,True,282520,,,,C00,,0,0,,8,,415.2,False,8,,415.2,False,415.2,False,0.0,False,,59879.512,59879.512,0,True,False
279,C,A,20240101,2024,52,2024,702,,,X,,458,,,0,,,H6,HS,True,282520,,,,C00,,0,0,,8,,1600.0,False,8,,1600.0,False,1600.0,False,0.0,False,,63072.068,63072.068,0,True,False
280,C,A,20240101,2024,52,2024,705,,,X,,70,,,0,,,H6,HS,True,282520,,,,C00,,0,0,,8,,1.1,False,8,,1.1,False,1.1,False,0.0,False,,483.038,483.038,0,False,True
281,C,A,20240101,2024,52,2024,705,,,X,,191,,,0,,,H6,HS,True,282520,,,,C00,,0,0,,8,,0.02,False,8,,0.02,False,0.02,False,0.0,False,,19.156,19.156,0,False,True
282,C,A,20240101,2024,52,2024,705,,,X,,699,,,0,,,H6,HS,True,282520,,,,C00,,0,0,,8,,2.0,False,8,,2.0,False,2.0,False,0.0,False,,262.381,262.381,0,False,True
283,C,A,20240101,2024,52,2024,710,,,X,,36,,,0,,,H6,HS,True,282520,,,,C00,,0,0,,8,,8.186,True,-1,,0.0,False,8.186,True,0.0,False,,132.551,132.551,6,False,True
284,C,A,20240101,2024,52,2024,710,,,X,,288,,,0,,,H6,HS,True,282520,,,,C00,,0,0,,8,,1.972,True,-1,,0.0,False,1.972,True,0.0,False,,31.937,31.937,6,False,True
285,C,A,20240101,2024,52,2024,710,,,X,,404,,,0,,,H6,HS,True,282520,,,,C00,,0,0,,8,,377.117,True,-1,,0.0,False,377.117,True,0.0,False,,6106.291,6106.291,6,False,True
286,C,A,20240101,2024,52,2024,710,,,X,,528,,,0,,,H6,HS,True,282520,,,,C00,,0,0,,8,,9632.758,True,-1,,0.0,False,9632.758,True,0.0,False,,155974.006,155974.006,6,False,True
287,C,A,20240101,2024,52,2024,710,,,X,,894,,,0,,,H6,HS,True,282520,,,,C00,,0,0,,8,,36.308,True,-1,,0.0,False,36.308,True,0.0,False,,587.908,587.908,6,False,True
288,C,A,20240101,2024,52,2024,716,,,X,,710,,,0,,,H6,HS,True,282520,,,,C00,,0,0,,8,,100.0,False,8,,100.0,False,100.0,False,0.0,False,,14.95,14.95,0,True,False
289,C,A,20240101,2024,52,2024,705,,,X,,70,,,0,,,H6,HS,True,282520,,,,C03,,0,0,,8,,1.1,False,8,,1.1,False,1.1,False,0.0,False,,483.038,483.038,0,False,True
290,C,A,20240101,2024,52,2024,705,,,X,,699,,,0,,,H6,HS,True,282520,,,,C03,,0,0,,8,,2.0,False,8,,2.0,False,2.0,False,0.0,False,,262.381,262.381,0,False,True
291,C,A,20240101,2024,52,2024,710,,,X,,36,,,0,,,H6,HS,True,282520,,,,C03,,0,0,,8,,8.186,True,-1,,0.0,False,8.186,True,0.0,False,,132.551,132.551,6,False,True
292,C,A,20240101,2024,52,2024,710,,,X,,288,,,0,,,H6,HS,True,282520,,,,C03,,0,0,,8,,1.972,True,-1,,0.0,False,1.972,True,0.0,False,,31.937,31.937,6,False,True
293,C,A,20240101,2024,52,2024,710,,,X,,404,,,0,,,H6,HS,True,282520,,,,C03,,0,0,,8,,377.117,True,-1,,0.0,False,377.117,True,0.0,False,,6106.291,6106.291,6,False,True
294,C,A,20240101,2024,52,2024,710,,,X,,528,,,0,,,H6,HS,True,282520,,,,C03,,0,0,,8,,9632.758,True,-1,,0.0,False,9632.758,True,0.0,False,,155974.006,155974.006,6,False,True
295,C,A,20240101,2024,52,2024,710,,,X,,894,,,0,,,H6,HS,True,282520,,,,C03,,0,0,,8,,36.308,True,-1,,0.0,False,36.308,True,0.0,False,,587.908,587.908,6,False,True
296,C,A,20240101,2024,52,2024,705,,,X,,191,,,0,,,H6,HS,True,282520,,,,C20,,0,0,,8,,0.02,False,8,,0.02,False,0.02,False,0.0,False,,19.156,19.156,0,False,True
297,C,A,20240101,2024,52,2024,724,,,X,,20,,,0,,,H6,HS,True,282520,,,,C00,,0,0,,8,,400.0,False,8,,400.0,False,400.0,False,0.0,False,,12683.479,12683.479,0,False,True
298,C,A,20240101,2024,52,2024,724,,,X,,251,,,0,,,H6,HS,True,282520,,,,C00,,0,0,,8,,1300.0,False,8,,1300.0,False,1300.0,False,0.0,False,,8629.293,8629.293,0,False,True
299,C,A,20240101,2024,52,2024,724,,,X,,276,,,0,,,H6,HS,True,282520,,,,C00,,0,0,,8,,9150.0,False,8,,9150.0,False,9150.0,False,0.0,False,,48816.189,48816.189,0,False,True
300,C,A,20240101,2024,52,2024,724,,,X,,504,,,0,,,H6,HS,True,282520,,,,C00,,0,0,,8,,3000.0,False,8,,3000.0,False,3000.0,False,0.0,False,,47315.109,47315.109,0,False,True
301,C,A,20240101,2024,52,2024,724,,,X,,620,,,0,,,H6,HS,True,282520,,,,C00,,0,0,,8,,466.0,False,8,,466.0,False,466.0,False,0.0,False,,16915.416,16915.416,0,False,True
302,C,A,20240101,2024,52,2024,724,,,X,,757,,,0,,,H6,HS,True,282520,,,,C00,,0,0,,8,,100.0,False,8,,100.0,False,100.0,False,0.0,False,,79.638,79.638,0,False,True
303,C,A,20240101,2024,52,2024,724,,,X,,826,,,0,,,H6,HS,True,282520,,,,C00,,0,0,,8,,2000.0,False,8,,2000.0,False,2000.0,False,0.0,False,,90117.25,90117.25,0,False,True
304,C,A,20240101,2024,52,2024,724,,,X,,20,,,0,,,H6,HS,True,282520,,,,C03,,0,0,,8,,400.0,False,8,,400.0,False,400.0,False,0.0,False,,12683.479,12683.479,0,False,True
305,C,A,20240101,2024,52,2024,724,,,X,,504,,,0,,,H6,HS,True,282520,,,,C03,,0,0,,8,,3000.0,False,8,,3000.0,False,3000.0,False,0.0,False,,47315.109,47315.109,0,False,True
306,C,A,20240101,2024,52,2024,724,,,X,,757,,,0,,,H6,HS,True,282520,,,,C03,,0,0,,8,,100.0,False,8,,100.0,False,100.0,False,0.0,False,,79.638,79.638,0,False,True
307,C,A,20240101,2024,52,2024,724,,,X,,826,,,0,,,H6,HS,True,282520,,,,C03,,0,0,,8,,2000.0,False,8,,2000.0,False,2000.0,False,0.0,False,,90117.25,90117.25,0,False,True
308,C,A,20240101,2024,52,2024,724,,,X,,251,,,0,,,H6,HS,True,282520,,,,C20,,0,0,,8,,1300.0,False,8,,1300.0,False,1300.0,False,0.0,False,,8629.293,8629.293,0,False,True
309,C,A,20240101,2024,52,2024,724,,,X,,276,,,0,,,H6,HS,True,282520,,,,C20,,0,0,,8,,9150.0,False,8,,9150.0,False,9150.0,False,0.0,False,,48816.189,48816.189,0,False,True
310,C,A,20240101,2024,52,2024,724,,,X,,620,,,0,,,H6,HS,True,282520,,,,C20,,0,0,,8,,466.0,False,8,,466.0,False,466.0,False,0.0,False,,16915.416,16915.416,0,False,True
311,C,A,20240101,2024,52,2024,752,,,X,,246,,,0,,,H6,HS,True,282520,,,,C00,,0,0,,8,,29.221,True,-1,,0.0,False,29.221,True,0.0,False,,473.143,473.143,6,False,True
312,C,A,20240101,2024,52,2024,752,,,X,,410,,,0,,,H6,HS,True,282520,,,,C00,,0,0,,8,,35.065,True,-1,,0.0,False,35.065,True,0.0,False,,567.771,567.771,6,False,True
313,C,A,20240101,2024,52,2024,752,,,X,,757,,,0,,,H6,HS,True,282520,,,,C00,,0,0,,8,,93.506,True,-1,,0.0,False,93.506,True,0.0,False,,1514.056,1514.056,6,False,True
314,C,A,20240101,2024,52,2024,752,,,X,,842,,,0,,,H6,HS,True,282520,,,,C00,,0,0,,8,,13026.585,True,-1,,0.0,False,13026.585,True,0.0,False,,210926.993,210926.993,6,False,True
315,C,A,20240101,2024,52,2024,757,,,X,,56,,,0,,,H6,HS,True,282520,,,,C00,,0,0,,8,,2.67,True,-1,,0.0,False,2.67,True,0.0,False,,11.358,11.358,6,False,True
316,C,A,20240101,2024,52,2024,757,,,X,,251,,,0,,,H6,HS,True,282520,,,,C00,,0,0,,8,,38.246,True,-1,,0.0,False,38.246,True,0.0,False,,297.578,297.578,6,False,True
317,C,A,20240101,2024,52,2024,757,,,X,,276,,,0,,,H6,HS,True,282520,,,,C00,,0,0,,8,,52233.0,False,8,,52233.0,False,52233.0,False,0.0,False,,1089672.31,1089672.31,0,False,True
318,C,A,20240101,2024,52,2024,757,,,X,,410,,,0,,,H6,HS,True,282520,,,,C00,,0,0,,8,,17.0,False,8,,17.0,False,17.0,False,0.0,False,,7875.6,7875.6,0,False,True
319,C,A,20240101,2024,52,2024,757,,,X,,699,,,0,,,H6,HS,True,282520,,,,C00,,0,0,,8,,3.0,False,8,,3.0,False,3.0,False,0.0,False,,581.527,581.527,0,False,True
320,C,A,20240101,2024,52,2024,757,,,X,,724,,,0,,,H6,HS,True,282520,,,,C00,,0,0,,8,,355660.0,False,8,,355660.0,False,355660.0,False,0.0,False,,619449.914,619449.914,0,False,True
321,C,A,20240101,2024,52,2024,757,,,X,,752,,,0,,,H6,HS,True,282520,,,,C00,,0,0,,8,,124.137,True,-1,,0.0,False,124.137,True,0.0,False,,1192.584,1192.584,6,False,True
322,C,A,20240101,2024,52,2024,757,,,X,,826,,,0,,,H6,HS,True,282520,,,,C00,,0,0,,8,,2.0,False,8,,2.0,False,2.0,False,0.0,False,,913.179,913.179,0,False,True
323,C,A,20240101,2024,52,2024,757,,,X,,842,,,0,,,H6,HS,True,282520,,,,C00,,0,0,,8,,144.262,True,-1,,0.0,False,144.262,True,0.0,False,,16441.763,16441.763,6,False,True
324,C,A,20240101,2024,52,2024,764,,,X,,56,,,0,,,H6,HS,True,282520,,,,C00,,0,0,,8,,600.0,False,8,,600.0,False,600.0,False,0.0,False,,51206.62,51206.62,0,False,True
325,C,A,20240101,2024,52,2024,764,,,X,,344,,,0,,,H6,HS,True,282520,,,,C00,,0,0,,8,,38.0,False,8,,38.0,False,38.0,False,0.0,False,,1201.27,1201.27,0,False,True
326,C,A,20240101,2024,52,2024,764,,,X,,702,,,0,,,H6,HS,True,282520,,,,C00,,0,0,,8,,40.0,False,8,,40.0,False,40.0,False,0.0,False,,688.05,688.05,0,False,True
327,C,A,20240101,2024,52,2024,764,,,X,,704,,,0,,,H6,HS,True,282520,,,,C00,,0,0,,8,,25.0,False,8,,25.0,False,25.0,False,0.0,False,,1575.69,1575.69,0,False,True
328,C,A,20240101,2024,52,2024,780,,,X,,308,,,0,,,H4,HS,True,282520,,,,C00,,0,0,,8,,6.0,False,8,,6.0,False,6.0,False,0.0,False,,37.333,37.333,0,False,True
329,C,A,20240101,2024,52,2024,757,,,X,,56,,,0,,,H6,HS,True,282520,,,,C03,,0,0,,8,,2.67,True,-1,,0.0,False,2.67,True,0.0,False,,11.358,11.358,6,False,True
330,C,A,20240101,2024,52,2024,757,,,X,,251,,,0,,,H6,HS,True,282520,,,,C03,,0,0,,8,,38.246,True,-1,,0.0,False,38.246,True,0.0,False,,297.578,297.578,6,False,True
331,C,A,20240101,2024,52,2024,757,,,X,,276,,,0,,,H6,HS,True,282520,,,,C03,,0,0,,8,,52233.0,False,8,,52233.0,False,52233.0,False,0.0,False,,1089672.31,1089672.31,0,False,True
332,C,A,20240101,2024,52,2024,757,,,X,,410,,,0,,,H6,HS,True,282520,,,,C03,,0,0,,8,,17.0,False,8,,17.0,False,17.0,False,0.0,False,,7875.6,7875.6,0,False,True
333,C,A,20240101,2024,52,2024,757,,,X,,699,,,0,,,H6,HS,True,282520,,,,C03,,0,0,,8,,3.0,False,8,,3.0,False,3.0,False,0.0,False,,581.527,581.527,0,False,True
334,C,A,20240101,2024,52,2024,757,,,X,,724,,,0,,,H6,HS,True,282520,,,,C03,,0,0,,8,,355660.0,False,8,,355660.0,False,355660.0,False,0.0,False,,619449.914,619449.914,0,False,True
335,C,A,20240101,2024,52,2024,757,,,X,,752,,,0,,,H6,HS,True,282520,,,,C03,,0,0,,8,,124.137,True,-1,,0.0,False,124.137,True,0.0,False,,1192.584,1192.584,6,False,True
336,C,A,20240101,2024,52,2024,757,,,X,,826,,,0,,,H6,HS,True,282520,,,,C03,,0,0,,8,,2.0,False,8,,2.0,False,2.0,False,0.0,False,,913.179,913.179,0,False,True
337,C,A,20240101,2024,52,2024,757,,,X,,842,,,0,,,H6,HS,True,282520,,,,C03,,0,0,,8,,144.262,True,-1,,0.0,False,144.262,True,0.0,False,,16441.763,16441.763,6,False,True
338,C,A,20240101,2024,52,2024,792,,,X,,100,,,0,,,H6,HS,True,282520,,,,C00,,0,0,,8,,100.0,False,8,,100.0,False,100.0,False,0.0,False,,1567.0,1567.0,0,False,True
339,C,A,20240101,2024,52,2024,792,,,X,,300,,,0,,,H6,HS,True,282520,,,,C00,,0,0,,8,,1000.0,False,8,,1000.0,False,1000.0,False,0.0,False,,11664.0,11664.0,0,False,True
340,C,A,20240101,2024,52,2024,792,,,X,,344,,,0,,,H6,HS,True,282520,,,,C00,,0,0,,8,,1.0,False,8,,1.0,False,1.0,False,0.0,False,,160.0,160.0,0,False,True
341,C,A,20240101,2024,52,2024,792,,,X,,484,,,0,,,H6,HS,True,282520,,,,C00,,0,0,,8,,3000.0,False,8,,3000.0,False,3000.0,False,0.0,False,,58710.0,58710.0,0,False,True
342,C,A,20240101,2024,52,2024,792,,,X,,620,,,0,,,H6,HS,True,282520,,,,C00,,0,0,,8,,46.0,False,8,,46.0,False,46.0,False,0.0,False,,341.0,341.0,0,False,True
343,C,A,20240101,2024,52,2024,792,,,X,,643,,,0,,,H6,HS,True,282520,,,,C00,,0,0,,8,,3.0,False,8,,3.0,False,3.0,False,0.0,False,,556.0,556.0,0,False,True
344,C,A,20240101,2024,52,2024,792,,,X,,724,,,0,,,H6,HS,True,282520,,,,C00,,0,0,,8,,7.0,False,8,,7.0,False,7.0,False,0.0,False,,52.0,52.0,0,False,True
345,C,A,20240101,2024,52,2024,792,,,X,,795,,,0,,,H6,HS,True,282520,,,,C00,,0,0,,8,,425.0,False,8,,425.0,False,425.0,False,0.0,False,,16150.0,16150.0,0,False,True
346,C,A,20240101,2024,52,2024,826,,,X,,12,,,0,,,H6,HS,True,282520,,,,C00,,0,0,,8,,3000.0,False,8,,3000.0,False,3000.0,False,0.0,False,,42456.342,42456.342,0,False,True
347,C,A,20240101,2024,52,2024,826,,,X,,36,,,0,,,H6,HS,True,282520,,,,C00,,0,0,,8,,1220.0,False,8,,1220.0,False,1220.0,False,0.0,False,,19460.795,19460.795,0,False,True
348,C,A,20240101,2024,52,2024,826,,,X,,56,,,0,,,H6,HS,True,282520,,,,C00,,0,0,,8,,34150.0,False,8,,34150.0,False,34150.0,False,0.0,False,,375382.556,375382.556,0,False,True
349,C,A,20240101,2024,52,2024,826,,,X,,76,,,0,,,H6,HS,True,282520,,,,C00,,0,0,,8,,5000.0,False,8,,5000.0,False,5000.0,False,0.0,False,,77381.52,77381.52,0,False,True
350,C,A,20240101,2024,52,2024,826,,,X,,152,,,0,,,H6,HS,True,282520,,,,C00,,0,0,,8,,7800.0,False,8,,7800.0,False,7800.0,False,0.0,False,,139135.047,139135.047,0,False,True
351,C,A,20240101,2024,52,2024,826,,,X,,156,,,0,,,H6,HS,True,282520,,,,C00,,0,0,,8,,10000.0,False,8,,10000.0,False,10000.0,False,0.0,False,,149916.865,149916.865,0,False,True
352,C,A,20240101,2024,52,2024,826,,,X,,191,,,0,,,H6,HS,True,282520,,,,C00,,0,0,,8,,3015.0,False,8,,3015.0,False,3015.0,False,0.0,False,,45524.36,45524.36,0,False,True
353,C,A,20240101,2024,52,2024,826,,,X,,203,,,0,,,H6,HS,True,282520,,,,C00,,0,0,,8,,8.0,False,8,,8.0,False,8.0,False,0.0,False,,1226.446,1226.446,0,False,True
354,C,A,20240101,2024,52,2024,826,,,X,,251,,,0,,,H6,HS,True,282520,,,,C00,,0,0,,8,,1464.0,False,8,,1464.0,False,1464.0,False,0.0,False,,26244.932,26244.932,0,False,True
355,C,A,20240101,2024,52,2024,826,,,X,,276,,,0,,,H6,HS,True,282520,,,,C00,,0,0,,8,,10676.0,False,8,,10676.0,False,10676.0,False,0.0,False,,191845.595,191845.595,0,False,True
356,C,A,20240101,2024,52,2024,826,,,X,,348,,,0,,,H6,HS,True,282520,,,,C00,,0,0,,8,,73.0,False,8,,73.0,False,73.0,False,0.0,False,,7598.385,7598.385,0,False,True
357,C,A,20240101,2024,52,2024,826,,,X,,372,,,0,,,H6,HS,True,282520,,,,C00,,0,0,,8,,10.0,False,8,,10.0,False,10.0,False,0.0,False,,1220.105,1220.105,0,False,True
358,C,A,20240101,2024,52,2024,826,,,X,,380,,,0,,,H6,HS,True,282520,,,,C00,,0,0,,8,,875.0,False,8,,875.0,False,875.0,False,0.0,False,,18855.816,18855.816,0,False,True
359,C,A,20240101,2024,52,2024,826,,,X,,392,,,0,,,H6,HS,True,282520,,,,C00,,0,0,,8,,46500.0,False,8,,46500.0,False,46500.0,False,0.0,False,,765635.929,765635.929,0,False,True
360,C,A,20240101,2024,52,2024,826,,,X,,404,,,0,,,H6,HS,True,282520,,,,C00,,0,0,,8,,50.0,False,8,,50.0,False,50.0,False,0.0,False,,1132.592,1132.592,0,False,True
361,C,A,20240101,2024,52,2024,826,,,X,,410,,,0,,,H6,HS,True,282520,,,,C00,,0,0,,8,,22220.0,False,8,,22220.0,False,22220.0,False,0.0,False,,280745.815,280745.815,0,False,True
362,C,A,20240101,2024,52,2024,826,,,X,,458,,,0,,,H6,HS,True,282520,,,,C00,,0,0,,8,,2000.0,False,8,,2000.0,False,2000.0,False,0.0,False,,30119.588,30119.588,0,False,True
363,C,A,20240101,2024,52,2024,826,,,X,,484,,,0,,,H6,HS,True,282520,,,,C00,,0,0,,8,,10000.0,False,8,,10000.0,False,10000.0,False,0.0,False,,130185.922,130185.922,0,False,True
364,C,A,20240101,2024,52,2024,826,,,X,,504,,,0,,,H6,HS,True,282520,,,,C00,,0,0,,8,,600.0,False,8,,600.0,False,600.0,False,0.0,False,,8077.803,8077.803,0,False,True
365,C,A,20240101,2024,52,2024,826,,,X,,528,,,0,,,H6,HS,True,282520,,,,C00,,0,0,,8,,8930.0,False,8,,8930.0,False,8930.0,False,0.0,False,,175582.184,175582.184,0,False,True
366,C,A,20240101,2024,52,2024,826,,,X,,616,,,0,,,H6,HS,True,282520,,,,C00,,0,0,,8,,7000.0,False,8,,7000.0,False,7000.0,False,0.0,False,,117891.022,117891.022,0,False,True
367,C,A,20240101,2024,52,2024,826,,,X,,634,,,0,,,H6,HS,True,282520,,,,C00,,0,0,,8,,2.0,False,8,,2.0,False,2.0,False,0.0,False,,1228.983,1228.983,0,False,True
368,C,A,20240101,2024,52,2024,826,,,X,,642,,,0,,,H6,HS,True,282520,,,,C00,,0,0,,8,,1950.0,False,8,,1950.0,False,1950.0,False,0.0,False,,33034.142,33034.142,0,False,True
369,C,A,20240101,2024,52,2024,826,,,X,,688,,,0,,,H6,HS,True,282520,,,,C00,,0,0,,8,,250.0,False,8,,250.0,False,250.0,False,0.0,False,,4672.417,4672.417,0,False,True
370,C,A,20240101,2024,52,2024,826,,,X,,699,,,0,,,H6,HS,True,282520,,,,C00,,0,0,,8,,55000.0,False,8,,55000.0,False,55000.0,False,0.0,False,,609815.128,609815.128,0,False,True
371,C,A,20240101,2024,52,2024,826,,,X,,702,,,0,,,H6,HS,True,282520,,,,C00,,0,0,,8,,11500.0,False,8,,11500.0,False,11500.0,False,0.0,False,,177792.831,177792.831,0,False,True
372,C,A,20240101,2024,52,2024,826,,,X,,704,,,0,,,H6,HS,True,282520,,,,C00,,0,0,,8,,10000.0,False,8,,10000.0,False,10000.0,False,0.0,False,,138890.265,138890.265,0,False,True
373,C,A,20240101,2024,52,2024,826,,,X,,724,,,0,,,H6,HS,True,282520,,,,C00,,0,0,,8,,450.0,False,8,,450.0,False,450.0,False,0.0,False,,7883.753,7883.753,0,False,True
374,C,A,20240101,2024,52,2024,826,,,X,,757,,,0,,,H6,HS,True,282520,,,,C00,,0,0,,8,,21575.0,False,8,,21575.0,False,21575.0,False,0.0,False,,364277.321,364277.321,0,False,True
375,C,A,20240101,2024,52,2024,826,,,X,,780,,,0,,,H6,HS,True,282520,,,,C00,,0,0,,8,,80.0,False,8,,80.0,False,80.0,False,0.0,False,,5689.594,5689.594,0,False,True
376,C,A,20240101,2024,52,2024,826,,,X,,784,,,0,,,H6,HS,True,282520,,,,C00,,0,0,,8,,104500.0,False,8,,104500.0,False,104500.0,False,0.0,False,,1351774.433,1351774.433,0,False,True
377,C,A,20240101,2024,52,2024,826,,,X,,792,,,0,,,H6,HS,True,282520,,,,C00,,0,0,,8,,5190.0,False,8,,5190.0,False,5190.0,False,0.0,False,,75231.751,75231.751,0,False,True
378,C,A,20240101,2024,52,2024,826,,,X,,818,,,0,,,H6,HS,True,282520,,,,C00,,0,0,,8,,2000.0,False,8,,2000.0,False,2000.0,False,0.0,False,,27742.794,27742.794,0,False,True
379,C,A,20240101,2024,52,2024,826,,,X,,842,,,0,,,H6,HS,True,282520,,,,C00,,0,0,,8,,14613.0,False,8,,14613.0,False,14613.0,False,0.0,False,,333789.926,333789.926,0,False,True
380,C,A,20240101,2024,52,2024,842,,,X,,32,,,0,,,H6,HS,True,282520,,,,C00,,0,0,,8,,199640.0,False,8,,199640.0,False,199640.0,False,0.0,False,,4801227.0,4801227.0,0,True,False
381,C,A,20240101,2024,52,2024,842,,,X,,36,,,0,,,H6,HS,True,282520,,,,C00,,0,0,,8,,15.0,False,8,,15.0,False,15.0,False,0.0,False,,3018.0,3018.0,0,True,False
382,C,A,20240101,2024,52,2024,842,,,X,,56,,,0,,,H6,HS,True,282520,,,,C00,,0,0,,8,,37474.0,False,8,,37474.0,False,37474.0,False,0.0,False,,781542.0,781542.0,0,True,False
383,C,A,20240101,2024,52,2024,842,,,X,,76,,,0,,,H6,HS,True,282520,,,,C00,,0,0,,8,,93.0,False,8,,93.0,False,93.0,False,0.0,False,,9421.0,9421.0,0,True,False
384,C,A,20240101,2024,52,2024,842,,,X,,124,,,0,,,H6,HS,True,282520,,,,C00,,0,0,,8,,137596.0,False,8,,137596.0,False,137596.0,False,0.0,False,,2299431.0,2299431.0,0,True,False
385,C,A,20240101,2024,52,2024,842,,,X,,152,,,0,,,H6,HS,True,282520,,,,C00,,0,0,,8,,1.0,False,8,,1.0,False,1.0,False,0.0,False,,3709.0,3709.0,0,True,False
386,C,A,20240101,2024,52,2024,842,,,X,,156,,,0,,,H6,HS,True,282520,,,,C00,,0,0,,8,,1038204.0,False,8,,1038204.0,False,1038204.0,False,0.0,False,,18190382.0,18190382.0,0,True,False
387,C,A,20240101,2024,52,2024,842,,,X,,170,,,0,,,H6,HS,True,282520,,,,C00,,0,0,,8,,16000.0,False,8,,16000.0,False,16000.0,False,0.0,False,,536500.0,536500.0,0,True,False
388,C,A,20240101,2024,52,2024,842,,,X,,188,,,0,,,H6,HS,True,282520,,,,C00,,0,0,,8,,700.0,False,8,,700.0,False,700.0,False,0.0,False,,47160.0,47160.0,0,True,False
389,C,A,20240101,2024,52,2024,842,,,X,,218,,,0,,,H6,HS,True,282520,,,,C00,,0,0,,8,,400.0,False,8,,400.0,False,400.0,False,0.0,False,,54800.0,54800.0,0,True,False
390,C,A,20240101,2024,52,2024,842,,,X,,251,,,0,,,H6,HS,True,282520,,,,C00,,0,0,,8,,13059.0,False,8,,13059.0,False,13059.0,False,0.0,False,,791558.0,791558.0,0,True,False
391,C,A,20240101,2024,52,2024,842,,,X,,276,,,0,,,H6,HS,True,282520,,,,C00,,0,0,,8,,456266.0,False,8,,456266.0,False,456266.0,False,0.0,False,,7988010.0,7988010.0,0,True,False
392,C,A,20240101,2024,52,2024,842,,,X,,320,,,0,,,H6,HS,True,282520,,,,C00,,0,0,,8,,600.0,False,8,,600.0,False,600.0,False,0.0,False,,36120.0,36120.0,0,True,False
393,C,A,20240101,2024,52,2024,842,,,X,,328,,,0,,,H6,HS,True,282520,,,,C00,,0,0,,8,,126.0,False,8,,126.0,False,126.0,False,0.0,False,,3770.0,3770.0,0,True,False
394,C,A,20240101,2024,52,2024,842,,,X,,376,,,0,,,H6,HS,True,282520,,,,C00,,0,0,,8,,150.0,False,8,,150.0,False,150.0,False,0.0,False,,80323.0,80323.0,0,True,False
395,C,A,20240101,2024,52,2024,842,,,X,,380,,,0,,,H6,HS,True,282520,,,,C00,,0,0,,8,,8160.0,False,8,,8160.0,False,8160.0,False,0.0,False,,165630.0,165630.0,0,True,False
396,C,A,20240101,2024,52,2024,842,,,X,,392,,,0,,,H6,HS,True,282520,,,,C00,,0,0,,8,,3789790.0,False,8,,3789790.0,False,3789790.0,False,0.0,False,,80151517.0,80151517.0,0,True,False
397,C,A,20240101,2024,52,2024,842,,,X,,410,,,0,,,H6,HS,True,282520,,,,C00,,0,0,,8,,2102970.0,False,8,,2102970.0,False,2102970.0,False,0.0,False,,35923197.0,35923197.0,0,True,False
398,C,A,20240101,2024,52,2024,842,,,X,,484,,,0,,,H6,HS,True,282520,,,,C00,,0,0,,8,,10293.0,False,8,,10293.0,False,10293.0,False,0.0,False,,156106.0,156106.0,0,True,False
399,C,A,20240101,2024,52,2024,842,,,X,,528,,,0,,,H6,HS,True,282520,,,,C00,,0,0,,8,,157702.0,False,8,,157702.0,False,157702.0,False,0.0,False,,2940205.0,2940205.0,0,True,False
400,C,A,20240101,2024,52,2024,842,,,X,,604,,,0,,,H6,HS,True,282520,,,,C00,,0,0,,8,,6.0,False,8,,6.0,False,6.0,False,0.0,False,,3145.0,3145.0,0,True,False
401,C,A,20240101,2024,52,2024,842,,,X,,616,,,0,,,H6,HS,True,282520,,,,C00,,0,0,,8,,648149.0,False,8,,648149.0,False,648149.0,False,0.0,False,,9363309.0,9363309.0,0,True,False
402,C,A,20240101,2024,52,2024,842,,,X,,682,,,0,,,H6,HS,True,282520,,,,C00,,0,0,,8,,18000.0,False,8,,18000.0,False,18000.0,False,0.0,False,,252000.0,252000.0,0,True,False
403,C,A,20240101,2024,52,2024,842,,,X,,699,,,0,,,H6,HS,True,282520,,,,C00,,0,0,,8,,38937.0,False,8,,38937.0,False,38937.0,False,0.0,False,,503259.0,503259.0,0,True,False
404,C,A,20240101,2024,52,2024,842,,,X,,702,,,0,,,H6,HS,True,282520,,,,C00,,0,0,,8,,280.0,False,8,,280.0,False,280.0,False,0.0,False,,27056.0,27056.0,0,True,False
405,C,A,20240101,2024,52,2024,842,,,X,,710,,,0,,,H6,HS,True,282520,,,,C00,,0,0,,8,,3230.0,False,8,,3230.0,False,3230.0,False,0.0,False,,475078.0,475078.0,0,True,False
406,C,A,20240101,2024,52,2024,842,,,X,,724,,,0,,,H6,HS,True,282520,,,,C00,,0,0,,8,,311.0,False,8,,311.0,False,311.0,False,0.0,False,,97950.0,97950.0,0,True,False
407,C,A,20240101,2024,52,2024,842,,,X,,757,,,0,,,H6,HS,True,282520,,,,C00,,0,0,,8,,52.0,False,8,,52.0,False,52.0,False,0.0,False,,17490.0,17490.0,0,True,False
408,C,A,20240101,2024,52,2024,842,,,X,,764,,,0,,,H6,HS,True,282520,,,,C00,,0,0,,8,,23850.0,False,8,,23850.0,False,23850.0,False,0.0,False,,497490.0,497490.0,0,True,False
409,C,A,20240101,2024,52,2024,842,,,X,,784,,,0,,,H6,HS,True,282520,,,,C00,,0,0,,8,,23.0,False,8,,23.0,False,23.0,False,0.0,False,,3000.0,3000.0,0,True,False
410,C,A,20240101,2024,52,2024,842,,,X,,826,,,0,,,H6,HS,True,282520,,,,C00,,0,0,,8,,45210.0,False,8,,45210.0,False,45210.0,False,0.0,False,,3062827.0,3062827.0,0,True,False
411,C,A,20240101,2024,52,2024,842,,,X,,862,,,0,,,H6,HS,True,282520,,,,C00,,0,0,,8,,506.0,False,8,,506.0,False,506.0,False,0.0,False,,34320.0,34320.0,0,True,False
412,C,A,20240101,2024,52,2024,792,,,X,,100,,,0,,,H6,HS,True,282520,,,,C03,,0,0,,8,,100.0,False,8,,100.0,False,100.0,False,0.0,False,,1567.0,1567.0,0,False,True
413,C,A,20240101,2024,52,2024,792,,,X,,300,,,0,,,H6,HS,True,282520,,,,C03,,0,0,,8,,1000.0,False,8,,1000.0,False,1000.0,False,0.0,False,,11664.0,11664.0,0,False,True
414,C,A,20240101,2024,52,2024,792,,,X,,344,,,0,,,H6,HS,True,282520,,,,C03,,0,0,,8,,1.0,False,8,,1.0,False,1.0,False,0.0,False,,160.0,160.0,0,False,True
415,C,A,20240101,2024,52,2024,792,,,X,,484,,,0,,,H6,HS,True,282520,,,,C03,,0,0,,8,,3000.0,False,8,,3000.0,False,3000.0,False,0.0,False,,58710.0,58710.0,0,False,True
416,C,A,20240101,2024,52,2024,792,,,X,,620,,,0,,,H6,HS,True,282520,,,,C03,,0,0,,8,,46.0,False,8,,46.0,False,46.0,False,0.0,False,,341.0,341.0,0,False,True
417,C,A,20240101,2024,52,2024,792,,,X,,643,,,0,,,H6,HS,True,282520,,,,C03,,0,0,,8,,3.0,False,8,,3.0,False,3.0,False,0.0,False,,556.0,556.0,0,False,True
418,C,A,20240101,2024,52,2024,792,,,X,,724,,,0,,,H6,HS,True,282520,,,,C03,,0,0,,8,,7.0,False,8,,7.0,False,7.0,False,0.0,False,,52.0,52.0,0,False,True
419,C,A,20240101,2024,52,2024,792,,,X,,795,,,0,,,H6,HS,True,282520,,,,C03,,0,0,,8,,425.0,False,8,,425.0,False,425.0,False,0.0,False,,16150.0,16150.0,0,False,True
